VolumeRank,index,patient,sequence,filename,GT,Pred,TP,FP,FN,GT_Coverage,PPV_check,Pred_GT,FP_over_GT,dice,iou,TP_recovery_diff
1,55,BreaDM-Ma-1821,VIBRANT+C2,VIBRANT+C2.npy,676,2366,673,1693,3,0.9955621301775148,0.28444632290786137,3.5,2.5044378698224854,0.4424720578566732,0.284086112283664,0
2,108,BreaDM-Ma-2108,SUB2,SUB2.npy,846,1044,836,208,10,0.9881796690307328,0.8007662835249042,1.2340425531914894,0.2458628841607565,0.8846560846560847,0.793168880455408,0
3,67,BreaDM-Ma-1915,VIBRANT+C2,VIBRANT+C2.npy,4778,5208,4705,503,73,0.9847216408539138,0.9034178187403994,1.0899958141481791,0.10527417329426539,0.942319246945724,0.8909297481537588,0
4,109,BreaDM-Ma-2108,VIBRANT+C2,VIBRANT+C2.npy,842,1002,825,177,17,0.9798099762470309,0.8233532934131736,1.190023752969121,0.21021377672209027,0.8947939262472885,0.8096172718351324,0
5,13,BreaDM-Be-1906,VIBRANT+C2,VIBRANT+C2.npy,851,1102,831,271,20,0.9764982373678026,0.7540834845735027,1.2949471210340775,0.318448883666275,0.8509984639016898,0.7406417112299465,0
6,79,BreaDM-Ma-1923,VIBRANT+C2,VIBRANT+C2.npy,1630,2052,1588,464,42,0.9742331288343559,0.7738791423001949,1.2588957055214725,0.2846625766871166,0.8625746876697447,0.7583572110792741,0
7,19,BreaDM-Be-1909,VIBRANT+C2,VIBRANT+C2.npy,3889,5028,3760,1268,129,0.9668295191565955,0.7478122513922036,1.2928773463615326,0.326047827204937,0.8433329595155321,0.7291060694202055,0
8,93,BreaDM-Ma-2038,SUB2,SUB2.npy,30,61,29,32,1,0.9666666666666667,0.47540983606557374,2.033333333333333,1.0666666666666667,0.6373626373626373,0.4677419354838709,0
9,78,BreaDM-Ma-1923,SUB2,SUB2.npy,1560,1824,1507,317,53,0.966025641025641,0.8262061403508771,1.1692307692307693,0.2032051282051282,0.890661938534279,0.8028769312733085,0
10,6,BreaDM-Be-1822,SUB2,SUB2.npy,1362,1488,1309,179,53,0.9610866372980911,0.8797043010752689,1.092511013215859,0.13142437591776798,0.9185964912280702,0.8494484101232965,0
11,123,BreaDM-Ma-2125,SUB2,SUB2.npy,592,675,567,108,25,0.9577702702702703,0.84,1.1402027027027026,0.18243243243243243,0.8950276243093923,0.81,0
12,49,BreaDM-Be-2113,VIBRANT+C2,VIBRANT+C2.npy,236,513,225,288,11,0.9533898305084746,0.43859649122807015,2.1737288135593222,1.2203389830508475,0.6008010680907877,0.4293893129770992,0
13,65,BreaDM-Ma-1909,VIBRANT,VIBRANT.npy,126,253,120,133,6,0.9523809523809523,0.4743083003952569,2.007936507936508,1.0555555555555556,0.633245382585752,0.4633204633204633,0
14,103,BreaDM-Ma-2044,VIBRANT+C2,VIBRANT+C2.npy,800,1114,761,353,39,0.95125,0.6831238779174147,1.3925,0.44125,0.7951933124346917,0.6600173460537727,0
15,64,BreaDM-Ma-1909,VIBRANT+C2,VIBRANT+C2.npy,61,135,58,77,3,0.9508196721311475,0.42962962962962964,2.2131147540983607,1.2622950819672132,0.5918367346938775,0.4202898550724637,0
16,115,BreaDM-Ma-2116,VIBRANT+C2,VIBRANT+C2.npy,1179,1603,1121,482,58,0.9508057675996607,0.6993137866500312,1.359626802374894,0.40882103477523324,0.8058950395398994,0.674894641782059,0
17,12,BreaDM-Be-1906,SUB2,SUB2.npy,821,907,778,129,43,0.9476248477466505,0.8577728776185226,1.104750304506699,0.15712545676004872,0.9004629629629629,0.8189473684210526,0
18,88,BreaDM-Ma-2026,VIBRANT+C2,VIBRANT+C2.npy,716,877,678,199,38,0.946927374301676,0.7730900798175598,1.2248603351955307,0.2779329608938548,0.8512241054613936,0.740983606557377,0
19,14,BreaDM-Be-1906,VIBRANT,VIBRANT.npy,1849,5475,1747,3728,102,0.944835045970795,0.31908675799086755,2.961060032449973,2.016224986479178,0.4770617149098853,0.3132508517123902,0
20,74,BreaDM-Ma-1919,VIBRANT,VIBRANT.npy,1413,4548,1334,3214,79,0.9440905874026894,0.29331574318381703,3.218683651804671,2.2745930644019814,0.447575910082201,0.2883077588070024,0
21,53,BreaDM-Ma-1801,VIBRANT,VIBRANT.npy,246,342,232,110,14,0.943089430894309,0.6783625730994152,1.3902439024390243,0.44715447154471544,0.7891156462585034,0.651685393258427,0
22,118,BreaDM-Ma-2118,VIBRANT+C2,VIBRANT+C2.npy,646,856,609,247,37,0.9427244582043344,0.7114485981308412,1.325077399380805,0.38235294117647056,0.810918774966711,0.6819708846584547,0
23,107,BreaDM-Ma-2107,VIBRANT,VIBRANT.npy,1078,1247,1013,234,65,0.9397031539888683,0.8123496391339214,1.1567717996289424,0.21706864564007422,0.8713978494623655,0.7721036585365854,0
24,18,BreaDM-Be-1909,SUB2,SUB2.npy,3034,3407,2848,559,186,0.938694792353329,0.8359260346345758,1.1229400131839156,0.1842452208305867,0.8843347306318895,0.7926523796270526,0
25,105,BreaDM-Ma-2107,SUB2,SUB2.npy,894,1005,835,170,59,0.9340044742729307,0.8308457711442786,1.1241610738255035,0.19015659955257272,0.8794102159031069,0.7847744360902256,0
26,106,BreaDM-Ma-2107,VIBRANT+C2,VIBRANT+C2.npy,908,1024,848,176,60,0.933920704845815,0.828125,1.1277533039647578,0.19383259911894274,0.8778467908902692,0.7822878228782287,0
27,76,BreaDM-Ma-1921,VIBRANT+C2,VIBRANT+C2.npy,235,296,219,77,16,0.9319148936170213,0.7398648648648649,1.2595744680851064,0.3276595744680851,0.8248587570621468,0.7019230769230769,0
28,100,BreaDM-Ma-2043,VIBRANT+C2,VIBRANT+C2.npy,424,506,395,111,29,0.9316037735849056,0.7806324110671937,1.1933962264150944,0.2617924528301887,0.8494623655913979,0.7383177570093458,0
29,7,BreaDM-Be-1822,VIBRANT+C2,VIBRANT+C2.npy,1647,2736,1534,1202,113,0.9313904068002429,0.560672514619883,1.6612021857923498,0.7298117789921068,0.6999771845767739,0.5384345384345385,0
30,99,BreaDM-Ma-2043,SUB2,SUB2.npy,407,492,379,113,28,0.9312039312039312,0.7703252032520326,1.2088452088452089,0.27764127764127766,0.8431590656284761,0.7288461538461538,0
31,66,BreaDM-Ma-1915,SUB2,SUB2.npy,4639,4767,4318,449,321,0.9308040525975426,0.9058107824627648,1.0275921534813537,0.09678810088381117,0.9181373591324686,0.8486635220125787,0
32,87,BreaDM-Ma-2026,SUB2,SUB2.npy,703,799,652,147,51,0.9274537695590327,0.8160200250312891,1.1365576102418207,0.20910384068278806,0.8681757656458056,0.7670588235294118,0
33,52,BreaDM-Ma-1801,VIBRANT+C2,VIBRANT+C2.npy,233,296,216,80,17,0.927038626609442,0.7297297297297297,1.2703862660944205,0.34334763948497854,0.8166351606805293,0.6900958466453674,0
34,110,BreaDM-Ma-2108,VIBRANT,VIBRANT.npy,790,835,732,103,58,0.9265822784810127,0.8766467065868263,1.0569620253164558,0.13037974683544304,0.9009230769230768,0.8197088465845465,0
35,2,BreaDM-Be-1810,VIBRANT,VIBRANT.npy,65,239,60,179,5,0.9230769230769231,0.2510460251046025,3.6769230769230767,2.753846153846154,0.3947368421052631,0.2459016393442623,0
36,84,BreaDM-Ma-2012,SUB2,SUB2.npy,3119,4570,2876,1694,243,0.9220904135941007,0.6293216630196936,1.465213209361975,0.5431227957678744,0.7480816751203018,0.5975483066694369,0
37,25,BreaDM-Be-2001,VIBRANT+C2,VIBRANT+C2.npy,255,334,235,99,20,0.9215686274509803,0.7035928143712575,1.3098039215686275,0.38823529411764707,0.797962648556876,0.6638418079096046,0
38,133,BreaDM-Ma-2134,VIBRANT+C2,VIBRANT+C2.npy,620,697,570,127,50,0.9193548387096774,0.8177905308464849,1.1241935483870968,0.20483870967741935,0.8656036446469249,0.7630522088353414,0
39,70,BreaDM-Ma-1916,VIBRANT+C2,VIBRANT+C2.npy,1016,1255,934,321,82,0.9192913385826772,0.7442231075697211,1.235236220472441,0.3159448818897638,0.8225451343020695,0.6985789080029918,0
40,117,BreaDM-Ma-2118,SUB2,SUB2.npy,569,705,523,182,46,0.9191564147627417,0.7418439716312056,1.2390158172231986,0.31985940246045697,0.8210361067503925,0.6964047936085219,0
41,27,BreaDM-Be-2002,SUB2,SUB2.npy,338,434,310,124,28,0.9171597633136095,0.7142857142857143,1.2840236686390532,0.3668639053254438,0.8031088082901554,0.670995670995671,0
42,75,BreaDM-Ma-1921,SUB2,SUB2.npy,198,250,181,69,17,0.9141414141414141,0.724,1.2626262626262625,0.3484848484848485,0.8080357142857143,0.6779026217228464,0
43,102,BreaDM-Ma-2044,SUB2,SUB2.npy,710,850,648,202,62,0.9126760563380282,0.7623529411764706,1.1971830985915493,0.28450704225352114,0.8307692307692308,0.7105263157894737,0
44,85,BreaDM-Ma-2012,VIBRANT+C2,VIBRANT+C2.npy,3274,5742,2988,2754,286,0.9126450824679292,0.5203761755485894,1.7538179596823458,0.8411728772144166,0.6628216503992902,0.4956867949568679,0
45,36,BreaDM-Be-2020,SUB2,SUB2.npy,500,547,456,91,44,0.912,0.8336380255941499,1.094,0.182,0.8710601719197708,0.7715736040609137,0
46,42,BreaDM-Be-2102,SUB2,SUB2.npy,498,925,454,471,44,0.9116465863453815,0.4908108108108108,1.857429718875502,0.9457831325301205,0.6380885453267744,0.4685242518059855,0
47,61,BreaDM-Ma-1908,VIBRANT+C2,VIBRANT+C2.npy,236,298,215,83,21,0.9110169491525424,0.7214765100671141,1.2627118644067796,0.3516949152542373,0.8052434456928839,0.6739811912225705,0
48,72,BreaDM-Ma-1919,SUB2,SUB2.npy,1053,1106,956,150,97,0.9078822412155746,0.864376130198915,1.050332383665717,0.14245014245014245,0.8855951829550718,0.7946799667497921,0
49,132,BreaDM-Ma-2134,SUB2,SUB2.npy,619,683,560,123,59,0.9046849757673667,0.8199121522693997,1.1033925686591277,0.1987075928917609,0.8602150537634409,0.7547169811320755,0
50,34,BreaDM-Be-2019,VIBRANT+C2,VIBRANT+C2.npy,52,65,47,18,5,0.9038461538461539,0.7230769230769231,1.25,0.34615384615384615,0.8034188034188035,0.6714285714285714,0
51,69,BreaDM-Ma-1916,SUB2,SUB2.npy,995,1006,897,109,98,0.9015075376884422,0.8916500994035785,1.0110552763819096,0.10954773869346733,0.896551724137931,0.8125,0
52,37,BreaDM-Be-2020,VIBRANT+C2,VIBRANT+C2.npy,525,550,472,78,53,0.8990476190476191,0.8581818181818182,1.0476190476190477,0.14857142857142858,0.878139534883721,0.7827529021558872,0
53,51,BreaDM-Ma-1801,SUB2,SUB2.npy,188,381,169,212,19,0.898936170212766,0.4435695538057743,2.026595744680851,1.127659574468085,0.5940246045694201,0.4225,0
54,136,BreaDM-Ma-2140,VIBRANT+C2,VIBRANT+C2.npy,667,1129,599,530,68,0.8980509745127436,0.5305580159433126,1.6926536731634183,0.7946026986506747,0.6670378619153675,0.5004177109440268,0
55,114,BreaDM-Ma-2116,SUB2,SUB2.npy,1136,1369,1016,353,120,0.8943661971830986,0.7421475529583638,1.205105633802817,0.3107394366197183,0.8111776447105788,0.6823371390194761,0
56,135,BreaDM-Ma-2140,SUB2,SUB2.npy,650,909,581,328,69,0.8938461538461538,0.6391639163916392,1.3984615384615384,0.5046153846153846,0.745349583066068,0.5940695296523517,0
57,73,BreaDM-Ma-1919,VIBRANT+C2,VIBRANT+C2.npy,1185,1228,1058,170,127,0.8928270042194093,0.8615635179153095,1.0362869198312237,0.14345991561181434,0.8769167012018234,0.7808118081180812,0
58,134,BreaDM-Ma-2134,VIBRANT,VIBRANT.npy,687,2376,612,1764,75,0.8908296943231441,0.25757575757575757,3.458515283842795,2.567685589519651,0.3996082272282076,0.2496940024479804,0
59,48,BreaDM-Be-2113,SUB2,SUB2.npy,218,294,193,101,25,0.8853211009174312,0.6564625850340136,1.348623853211009,0.463302752293578,0.75390625,0.6050156739811913,0
60,43,BreaDM-Be-2102,VIBRANT+C2,VIBRANT+C2.npy,547,831,482,349,65,0.8811700182815356,0.5800240673886883,1.5191956124314443,0.6380255941499086,0.6995645863570392,0.5379464285714286,0
61,60,BreaDM-Ma-1908,SUB2,SUB2.npy,208,244,183,61,25,0.8798076923076923,0.75,1.1730769230769231,0.2932692307692308,0.8097345132743363,0.6802973977695167,0
62,24,BreaDM-Be-2001,SUB2,SUB2.npy,189,209,166,43,23,0.8783068783068783,0.7942583732057417,1.1058201058201058,0.2275132275132275,0.8341708542713567,0.7155172413793104,0
63,130,BreaDM-Ma-2131,VIBRANT+C2,VIBRANT+C2.npy,651,773,571,202,80,0.8771121351766513,0.7386804657179818,1.1874039938556067,0.3102918586789555,0.8019662921348315,0.6694021101992966,0
64,80,BreaDM-Ma-1923,VIBRANT,VIBRANT.npy,2116,2476,1852,624,264,0.8752362948960303,0.7479806138933764,1.170132325141777,0.2948960302457467,0.8066202090592335,0.6759124087591241,0
65,125,BreaDM-Ma-2125,VIBRANT,VIBRANT.npy,1180,3026,1032,1994,148,0.8745762711864407,0.34104428288169203,2.564406779661017,1.6898305084745762,0.4907275320970042,0.3251417769376181,0
66,104,BreaDM-Ma-2044,VIBRANT,VIBRANT.npy,1104,2800,961,1839,143,0.8704710144927537,0.3432142857142857,2.536231884057971,1.6657608695652173,0.4923155737704918,0.3265375467210329,0
67,39,BreaDM-Be-2022,SUB2,SUB2.npy,448,476,388,88,60,0.8660714285714286,0.8151260504201681,1.0625,0.19642857142857142,0.8398268398268398,0.7238805970149254,0
68,77,BreaDM-Ma-1921,VIBRANT,VIBRANT.npy,364,1237,315,922,49,0.8653846153846154,0.25464834276475345,3.3983516483516483,2.532967032967033,0.3935040599625234,0.2449455676516329,0
69,71,BreaDM-Ma-1916,VIBRANT,VIBRANT.npy,1074,3854,928,2926,146,0.8640595903165735,0.24078879086663207,3.5884543761638734,2.7243947858473,0.3766233766233766,0.232,0
70,57,BreaDM-Ma-1824,SUB2,SUB2.npy,316,340,273,67,43,0.8639240506329114,0.8029411764705883,1.0759493670886076,0.2120253164556962,0.8323170731707317,0.7127937336814621,0
71,131,BreaDM-Ma-2131,VIBRANT,VIBRANT.npy,696,1312,601,711,95,0.8635057471264368,0.4580792682926829,1.8850574712643677,1.021551724137931,0.598605577689243,0.4271499644633973,0
72,62,BreaDM-Ma-1908,VIBRANT,VIBRANT.npy,349,1444,301,1143,48,0.8624641833810889,0.2084487534626039,4.137535816618911,3.2750716332378222,0.335750139431121,0.2017426273458445,0
73,119,BreaDM-Ma-2118,VIBRANT,VIBRANT.npy,1253,1500,1075,425,178,0.8579409417398244,0.7166666666666667,1.1971268954509178,0.3391859537110934,0.7809662186705413,0.6406436233611442,0
74,111,BreaDM-Ma-2109,SUB2,SUB2.npy,400,517,342,175,58,0.855,0.6615087040618955,1.2925,0.4375,0.7459105779716467,0.5947826086956521,0
75,20,BreaDM-Be-1909,VIBRANT,VIBRANT.npy,5563,11451,4754,6697,809,0.854574869674636,0.41516024801327395,2.0584217149020314,1.2038468452273954,0.5588339014928883,0.3877650897226753,0
76,33,BreaDM-Be-2019,SUB2,SUB2.npy,47,72,40,32,7,0.851063829787234,0.5555555555555556,1.5319148936170213,0.6808510638297872,0.6722689075630253,0.5063291139240507,0
77,97,BreaDM-Ma-2039,VIBRANT+C2,VIBRANT+C2.npy,350,365,294,71,56,0.84,0.8054794520547945,1.042857142857143,0.20285714285714285,0.8223776223776224,0.6983372921615202,0
78,124,BreaDM-Ma-2125,VIBRANT+C2,VIBRANT+C2.npy,818,832,685,147,133,0.8374083129584352,0.8233173076923077,1.017114914425428,0.17970660146699266,0.8303030303030303,0.7098445595854922,0
79,59,BreaDM-Ma-1824,VIBRANT,VIBRANT.npy,405,849,338,511,67,0.8345679012345679,0.39811542991755006,2.096296296296296,1.2617283950617284,0.5390749601275917,0.3689956331877729,0
80,96,BreaDM-Ma-2039,SUB2,SUB2.npy,344,358,284,74,60,0.8255813953488372,0.7932960893854749,1.0406976744186047,0.21511627906976744,0.8091168091168092,0.6794258373205742,0
81,41,BreaDM-Be-2022,VIBRANT,VIBRANT.npy,1353,4584,1104,3480,249,0.8159645232815964,0.24083769633507854,3.388026607538803,2.5720620842572064,0.3719050025265285,0.228429546865301,0
82,94,BreaDM-Ma-2038,VIBRANT+C2,VIBRANT+C2.npy,37,82,30,52,7,0.8108108108108109,0.36585365853658536,2.2162162162162162,1.4054054054054055,0.5042016806722689,0.3370786516853932,0
83,45,BreaDM-Be-2111,SUB2,SUB2.npy,94,129,76,53,18,0.8085106382978723,0.5891472868217055,1.372340425531915,0.5638297872340425,0.6816143497757847,0.5170068027210885,0
84,137,BreaDM-Ma-2140,VIBRANT,VIBRANT.npy,1082,2685,874,1811,208,0.8077634011090573,0.325512104283054,2.481515711645102,1.6737523105360443,0.4640297318821343,0.3021085378499827,0
85,116,BreaDM-Ma-2116,VIBRANT,VIBRANT.npy,1264,1366,1012,354,252,0.8006329113924051,0.7408491947291361,1.0806962025316456,0.2800632911392405,0.7695817490494297,0.6254635352286774,0
86,112,BreaDM-Ma-2109,VIBRANT+C2,VIBRANT+C2.npy,657,682,526,156,131,0.8006088280060882,0.7712609970674487,1.0380517503805176,0.2374429223744292,0.7856609410007468,0.6469864698646987,0
87,46,BreaDM-Be-2111,VIBRANT+C2,VIBRANT+C2.npy,112,263,89,174,23,0.7946428571428571,0.33840304182509506,2.3482142857142856,1.5535714285714286,0.4746666666666667,0.3111888111888112,0
88,101,BreaDM-Ma-2043,VIBRANT,VIBRANT.npy,454,2821,359,2462,95,0.7907488986784141,0.1272598369372563,6.213656387665198,5.422907488986784,0.219236641221374,0.123113854595336,0
89,28,BreaDM-Be-2002,VIBRANT+C2,VIBRANT+C2.npy,383,452,300,152,83,0.783289817232376,0.6637168141592921,1.1801566579634464,0.3968668407310705,0.718562874251497,0.5607476635514018,0
90,121,BreaDM-Ma-2122,VIBRANT+C2,VIBRANT+C2.npy,284,515,219,296,65,0.7711267605633803,0.42524271844660194,1.8133802816901408,1.0422535211267605,0.5481852315394243,0.3775862068965517,0
91,0,BreaDM-Be-1810,SUB2,SUB2.npy,34,51,26,25,8,0.7647058823529411,0.5098039215686274,1.5,0.7352941176470589,0.611764705882353,0.4406779661016949,0
92,138,BreaDM-Ma-2141,SUB2,SUB2.npy,186,232,141,91,45,0.7580645161290323,0.6077586206896551,1.2473118279569892,0.489247311827957,0.6746411483253588,0.5090252707581228,0
93,1,BreaDM-Be-1810,VIBRANT+C2,VIBRANT+C2.npy,45,119,34,85,11,0.7555555555555555,0.2857142857142857,2.6444444444444444,1.8888888888888888,0.4146341463414634,0.2615384615384615,0
94,139,BreaDM-Ma-2141,VIBRANT+C2,VIBRANT+C2.npy,190,380,138,242,52,0.7263157894736842,0.3631578947368421,2.0,1.2736842105263158,0.4842105263157895,0.3194444444444444,0
95,40,BreaDM-Be-2022,VIBRANT+C2,VIBRANT+C2.npy,837,1829,592,1237,245,0.7072879330943848,0.3236741388737015,2.185185185185185,1.4778972520908005,0.4441110277569392,0.2854387656702025,0
96,47,BreaDM-Be-2111,VIBRANT,VIBRANT.npy,115,298,79,219,36,0.6869565217391305,0.2651006711409396,2.591304347826087,1.9043478260869566,0.3825665859564164,0.2365269461077844,0
97,86,BreaDM-Ma-2012,VIBRANT,VIBRANT.npy,3689,9318,2418,6900,1271,0.6554621848739496,0.25949774629748873,2.5258877744646244,1.870425589590675,0.3717998001076343,0.2283501747096043,0
98,38,BreaDM-Be-2020,VIBRANT,VIBRANT.npy,1053,4968,642,4326,411,0.6096866096866097,0.1292270531400966,4.717948717948718,4.1082621082621085,0.2132536123567513,0.1193530395984383,0
99,29,BreaDM-Be-2002,VIBRANT,VIBRANT.npy,358,447,191,256,167,0.5335195530726257,0.4272930648769575,1.2486033519553073,0.7150837988826816,0.4745341614906832,0.3110749185667752,0
100,122,BreaDM-Ma-2122,VIBRANT,VIBRANT.npy,242,548,88,460,154,0.36363636363636365,0.16058394160583941,2.2644628099173554,1.9008264462809918,0.2227848101265822,0.1253561253561253,0
101,32,BreaDM-Be-2013,VIBRANT,VIBRANT.npy,649,1418,228,1190,421,0.35130970724191063,0.1607898448519041,2.184899845916795,1.8335901386748845,0.2206095791001451,0.1239804241435562,0
102,95,BreaDM-Ma-2038,VIBRANT,VIBRANT.npy,49,70,15,55,34,0.30612244897959184,0.21428571428571427,1.4285714285714286,1.1224489795918366,0.2521008403361344,0.1442307692307692,0
103,8,BreaDM-Be-1822,VIBRANT,VIBRANT.npy,1783,7754,224,7530,1559,0.1256309590577678,0.028888315708021667,4.348850252383623,4.223219293325855,0.0469749397085037,0.0240523998711478,0
