index,patient,sequence,filename,dice,iou,ppv,gt_positive_pixels,pred_positive_pixels,pred_gt_ratio,tp_est,fp_est,fn_est,overseg_score
101,BreaDM-Ma-2043,VIBRANT,VIBRANT.npy,0.219236641221374,0.123113854595336,0.1272598369372563,454,2821,6.213656387665198,359.0,2462.0,95.0,5.422907488986784
8,BreaDM-Be-1822,VIBRANT,VIBRANT.npy,0.0469749397085037,0.0240523998711478,0.0288883157080216,1783,7754,4.348850252383623,223.9999999999995,7530.000000000001,1559.0000000000005,4.223219293325855
38,BreaDM-Be-2020,VIBRANT,VIBRANT.npy,0.2132536123567513,0.1193530395984383,0.1292270531400966,1053,4968,4.717948717948718,642.0,4326.0,411.0,4.1082621082621085
62,BreaDM-Ma-1908,VIBRANT,VIBRANT.npy,0.335750139431121,0.2017426273458445,0.2084487534626039,349,1444,4.137535816618911,301.0,1143.0,48.0,3.2750716332378222
2,BreaDM-Be-1810,VIBRANT,VIBRANT.npy,0.3947368421052631,0.2459016393442623,0.2510460251046025,65,239,3.6769230769230767,60.0,179.0,5.0,2.753846153846154
71,BreaDM-Ma-1916,VIBRANT,VIBRANT.npy,0.3766233766233766,0.232,0.240788790866632,1074,3854,3.5884543761638734,927.9999999999997,2926.0000000000005,146.00000000000034,2.7243947858473003
41,BreaDM-Be-2022,VIBRANT,VIBRANT.npy,0.3719050025265285,0.228429546865301,0.2408376963350785,1353,4584,3.388026607538803,1104.0,3480.0,249.0,2.5720620842572064
134,BreaDM-Ma-2134,VIBRANT,VIBRANT.npy,0.3996082272282076,0.2496940024479804,0.2575757575757575,687,2376,3.458515283842795,611.9999999999999,1764.0,75.00000000000011,2.567685589519651
77,BreaDM-Ma-1921,VIBRANT,VIBRANT.npy,0.3935040599625234,0.2449455676516329,0.2546483427647534,364,1237,3.3983516483516483,314.99999999999994,922.0,49.00000000000006,2.532967032967033
55,BreaDM-Ma-1821,VIBRANT+C2,VIBRANT+C2.npy,0.4424720578566732,0.284086112283664,0.2844463229078613,676,2366,3.5,672.9999999999999,1693.0,3.0000000000001137,2.5044378698224854
74,BreaDM-Ma-1919,VIBRANT,VIBRANT.npy,0.447575910082201,0.2883077588070024,0.293315743183817,1413,4548,3.218683651804671,1333.9999999999995,3214.0000000000005,79.00000000000045,2.2745930644019823
14,BreaDM-Be-1906,VIBRANT,VIBRANT.npy,0.4770617149098853,0.3132508517123902,0.3190867579908675,1849,5475,2.961060032449973,1746.9999999999995,3728.0000000000005,102.00000000000045,2.016224986479178
47,BreaDM-Be-2111,VIBRANT,VIBRANT.npy,0.3825665859564164,0.2365269461077844,0.2651006711409396,115,298,2.591304347826087,79.0,219.0,36.0,1.9043478260869566
122,BreaDM-Ma-2122,VIBRANT,VIBRANT.npy,0.2227848101265822,0.1253561253561253,0.1605839416058394,242,548,2.2644628099173554,87.99999999999999,460.0,154.0,1.9008264462809916
1,BreaDM-Be-1810,VIBRANT+C2,VIBRANT+C2.npy,0.4146341463414634,0.2615384615384615,0.2857142857142857,45,119,2.6444444444444444,34.0,85.0,11.0,1.8888888888888888
86,BreaDM-Ma-2012,VIBRANT,VIBRANT.npy,0.3717998001076343,0.2283501747096043,0.2594977462974887,3689,9318,2.5258877744646244,2417.9999999999995,6900.0,1271.0000000000005,1.870425589590675
32,BreaDM-Be-2013,VIBRANT,VIBRANT.npy,0.2206095791001451,0.1239804241435562,0.1607898448519041,649,1418,2.184899845916795,228.0,1190.0,421.0,1.8335901386748845
125,BreaDM-Ma-2125,VIBRANT,VIBRANT.npy,0.4907275320970042,0.3251417769376181,0.341044282881692,1180,3026,2.564406779661017,1032.0,1994.0,148.0,1.6898305084745764
137,BreaDM-Ma-2140,VIBRANT,VIBRANT.npy,0.4640297318821343,0.3021085378499827,0.325512104283054,1082,2685,2.481515711645102,874.0,1811.0,208.0,1.6737523105360446
104,BreaDM-Ma-2044,VIBRANT,VIBRANT.npy,0.4923155737704918,0.3265375467210329,0.3432142857142857,1104,2800,2.536231884057971,961.0,1839.0,143.0,1.6657608695652175
