epoch,train_loss,val_dice,val_miou,val_ppv,lr,PPV_volume_mean,PPV_global_aux,ppv_num_volumes,ppv_zero_prediction_volumes
1,0.8276626552854266,0.03015255209715617,0.511725902557373,0.01795833671144115,0.001,0.01795833671144115,0.034689951688051224,57,21
2,0.5854691796832614,0.03337810860750266,0.5162612199783325,0.1266896646480529,0.001,0.1266896646480529,0.49225473403930664,57,46
3,0.5275361736615499,0.17557159253720986,0.5958766937255859,0.1902505636669936,0.001,0.1902505636669936,0.4908715486526489,57,29
4,0.49227811277858796,0.2273059070970932,0.5501269698143005,0.16754481615724792,0.001,0.16754481615724792,0.11030449718236923,57,0
5,0.4526769622923836,0.30133422189666387,0.6153854131698608,0.3913849971568316,0.001,0.3913849971568316,0.47525671124458313,57,17
6,0.411793524074176,0.15439494541256346,0.538939893245697,0.09076899439013637,0.001,0.09076899439013637,0.08882018178701401,57,0
7,0.3701441964459798,0.24980766702636797,0.6408008337020874,0.3003701823648602,0.001,0.3003701823648602,0.6017419695854187,57,27
8,0.3395808696273773,0.25757127847253963,0.574681282043457,0.4847734619509133,0.001,0.4847734619509133,0.8052356243133545,57,21
9,0.3238862189981673,0.37639143838619893,0.5947089791297913,0.27904945021901145,0.001,0.27904945021901145,0.20529577136039734,57,1
10,0.3156873616907332,0.46807828362660725,0.6678633689880371,0.5011176866625822,0.001,0.5011176866625822,0.5514812469482422,57,5
11,0.3028747928994043,0.3513175538500452,0.6308324337005615,0.48127088764184056,0.001,0.48127088764184056,0.8011574149131775,57,19
12,0.3022235177812122,0.46794258647192327,0.6292282342910767,0.39092743107522765,0.001,0.39092743107522765,0.2861679196357727,57,1
13,0.2907411858202919,0.4180654267305057,0.6421549916267395,0.5241120705180115,0.001,0.5241120705180115,0.5778211355209351,57,9
14,0.2841531979659247,0.485375779786834,0.6712384223937988,0.5000334288989025,0.001,0.5000334288989025,0.5288457274436951,57,0
15,0.2892928305599425,0.5279026987370558,0.6793692708015442,0.4703135896767739,0.001,0.4703135896767739,0.42247462272644043,57,2
16,0.28341068256469,0.4288423663843708,0.6459261178970337,0.5394847589328833,0.001,0.5394847589328833,0.7421232461929321,57,10
17,0.28349465131759644,0.5098026548625096,0.6811235547065735,0.49082773044760925,0.001,0.49082773044760925,0.49802637100219727,57,4
18,0.2817743957515747,0.49332252523379333,0.6914758682250977,0.5235905709133563,0.001,0.5235905709133563,0.5870126485824585,57,4
19,0.28232698355402264,0.5264575746083102,0.6908742189407349,0.5936439305377306,0.001,0.5936439305377306,0.5242810249328613,57,3
20,0.28021538517777883,0.4550938826578598,0.6848212480545044,0.5591548031439323,0.001,0.5591548031439323,0.6173713803291321,57,13
21,0.2738730909805449,0.36754802086873695,0.6199209690093994,0.4250268961798881,0.001,0.4250268961798881,0.46049851179122925,57,8
22,0.2702357608174521,0.5169545097755341,0.6868743896484375,0.5181384145354374,0.001,0.5181384145354374,0.5170018672943115,57,4
23,0.2788220653458247,0.477187908576464,0.6528825163841248,0.40240979022135687,0.001,0.40240979022135687,0.3509858250617981,57,1
24,0.27430981847028885,0.5014024231113471,0.6760698556900024,0.4930047044574685,0.001,0.4930047044574685,0.4448377192020416,57,4
25,0.27089552557657637,0.39168837011322777,0.6278278827667236,0.46126083167581255,0.001,0.46126083167581255,0.6661159992218018,57,14
26,0.2632657925760935,0.5168770535981606,0.683199405670166,0.48258291512707785,0.001,0.48258291512707785,0.4760906398296356,57,5
27,0.2625171568185564,0.5585549599995927,0.6861187219619751,0.5799952708255681,0.001,0.5799952708255681,0.5088985562324524,57,3
28,0.26967615598724004,0.5285329093703324,0.663116455078125,0.4576550934338085,0.001,0.4576550934338085,0.3666417598724365,57,0
29,0.2703679643926166,0.3723011637163313,0.6161196231842041,0.2895075351328719,0.001,0.2895075351328719,0.2532806396484375,57,1
30,0.28056148285903626,0.4758958555178795,0.6495512127876282,0.37750842787650984,0.001,0.37750842787650984,0.32564207911491394,57,1
31,0.26864451808588846,0.4643057647387834,0.6407558917999268,0.38199572033436574,0.001,0.38199572033436574,0.3051551878452301,57,0
32,0.2606938076870782,0.41682058838050967,0.6669309139251709,0.5186616981182577,0.001,0.5186616981182577,0.7431097626686096,57,14
33,0.26108461239981273,0.4823641096716699,0.6782970428466797,0.45656787817162575,0.001,0.45656787817162575,0.5773285627365112,57,3
34,0.25345248315069413,0.4822489598321285,0.6895936131477356,0.4618658684447428,0.001,0.4618658684447428,0.6329067349433899,57,9
35,0.2621522183929171,0.4852094113594892,0.6705162525177002,0.43526408173835357,0.001,0.43526408173835357,0.4095565676689148,57,2
36,0.25932808882660335,0.46371144178765683,0.6534253358840942,0.4907103791296542,0.001,0.4907103791296542,0.47398701310157776,57,4
37,0.24846156130707453,0.5094287372219117,0.678341805934906,0.5022453315761521,0.001,0.5022453315761521,0.5394390225410461,57,3
38,0.2539507628433288,0.46522124261234105,0.6538547873497009,0.4995949486717243,0.001,0.4995949486717243,0.5498676896095276,57,2
39,0.25230515902004547,0.5328353709814962,0.6785867214202881,0.5169390607176034,0.001,0.5169390607176034,0.449109822511673,57,5
40,0.25723453670267077,0.535222499990537,0.6821645498275757,0.4834755725191649,0.001,0.4834755725191649,0.419918417930603,57,1
41,0.24382397106715611,0.49531429910433544,0.6818253397941589,0.4244072760769883,0.001,0.4244072760769883,0.4409959018230438,57,0
42,0.2474357064754244,0.5308870404919539,0.7147401571273804,0.4945517487295602,0.001,0.4945517487295602,0.5836224555969238,57,3
43,0.25868809909101514,0.5382984108693636,0.7137851715087891,0.5651560783957016,0.001,0.5651560783957016,0.6563012003898621,57,2
44,0.24556236158287714,0.543888544996187,0.6820516586303711,0.45187665746264627,0.001,0.45187665746264627,0.4010382890701294,57,1
45,0.23175675646653252,0.49657610893393855,0.6690708994865417,0.5062955111304117,0.001,0.5062955111304117,0.5472915768623352,57,7
46,0.24586626863668834,0.4970868131492381,0.6821324229240417,0.4693921651062188,0.001,0.4693921651062188,0.5644616484642029,57,0
47,0.23979668886888594,0.5214436000154807,0.6992806792259216,0.5283572465913893,0.001,0.5283572465913893,0.5947335958480835,57,5
48,0.2339253325074438,0.515701536400207,0.6754823327064514,0.5432058851605693,0.001,0.5432058851605693,0.6667934060096741,57,8
49,0.22864211220589895,0.5194177544058143,0.711334764957428,0.502445691321586,0.001,0.502445691321586,0.5475614070892334,57,9
50,0.23057542682167084,0.5276157074489979,0.6845446825027466,0.47677053123102303,0.001,0.47677053123102303,0.4154077172279358,57,2
51,0.23724938668901957,0.5334430435879508,0.718319296836853,0.517530177283332,0.001,0.517530177283332,0.6366455554962158,57,9
52,0.22829672552290417,0.5140569123097616,0.6877326965332031,0.5380002236716108,0.001,0.5380002236716108,0.6427906155586243,57,8
53,0.22867053676219212,0.5264919260303738,0.7028196454048157,0.5076174252899431,0.001,0.5076174252899431,0.5661287307739258,57,4
54,0.22956978446907467,0.47748694869543296,0.6850650310516357,0.40361076138206486,0.001,0.40361076138206486,0.44877228140830994,57,2
55,0.21922540475451757,0.5447673536139525,0.706676721572876,0.5356249099635142,0.001,0.5356249099635142,0.5652698874473572,57,3
56,0.22144624827400086,0.5288195405844224,0.7005788087844849,0.479098823676959,0.001,0.479098823676959,0.4649997353553772,57,0
57,0.2276995068504697,0.48464717481924674,0.6922211647033691,0.4578024431036133,0.001,0.4578024431036133,0.6124329566955566,57,8
58,0.22094478020592342,0.5512137207920325,0.7070276141166687,0.4925547486456774,0.001,0.4925547486456774,0.4848918318748474,57,3
59,0.22504571458650013,0.5181648383130443,0.6893248558044434,0.5458367954502082,0.001,0.5458367954502082,0.5908477306365967,57,7
60,0.22261678391978854,0.4960632780791862,0.7028876543045044,0.5352358648877853,0.001,0.5352358648877853,0.7268481254577637,57,12
61,0.21861792296644242,0.5136386438644697,0.709108293056488,0.5172462301587307,0.001,0.5172462301587307,0.5977236032485962,57,7
62,0.22679898604041054,0.5512377359501422,0.6891603469848633,0.5402811057394223,0.001,0.5402811057394223,0.4482300877571106,57,1
63,0.21722804766798776,0.5061340254213825,0.6861472129821777,0.5570060967260428,0.001,0.5570060967260428,0.6325541138648987,57,7
64,0.21835729361526549,0.5423956696880237,0.7173526287078857,0.574295345825827,0.001,0.574295345825827,0.5846084356307983,57,4
65,0.21775638465843503,0.5417774661911092,0.7133005857467651,0.5465573245934275,0.001,0.5465573245934275,0.6306083798408508,57,4
66,0.21913427492928883,0.5610878736316319,0.7261552810668945,0.5275958575835558,0.001,0.5275958575835558,0.5669398307800293,57,1
67,0.21586794477133525,0.5192406462745905,0.694169819355011,0.48168648932996005,0.001,0.48168648932996005,0.48299938440322876,57,1
68,0.22022443856038745,0.5236868437308808,0.6961238384246826,0.4591202486068054,0.001,0.4591202486068054,0.464653342962265,57,2
69,0.20718126507505538,0.49895942958901746,0.6714280247688293,0.5982429065233454,0.001,0.5982429065233454,0.767849862575531,57,11
70,0.20656964088243152,0.5438152261475432,0.7133294343948364,0.5372417175476538,0.001,0.5372417175476538,0.5714864730834961,57,9
71,0.21279413666990069,0.5479724831910641,0.704216480255127,0.5167523130425972,0.001,0.5167523130425972,0.49714401364326477,57,4
72,0.21555455584847738,0.5336673712014562,0.7067099809646606,0.5234286393944138,0.001,0.5234286393944138,0.6334905624389648,57,4
73,0.213402477521745,0.5588710082288567,0.7026628255844116,0.5659389541417181,0.001,0.5659389541417181,0.48990240693092346,57,4
74,0.20892926447448276,0.556574832249558,0.7110850811004639,0.5306344127889981,0.001,0.5306344127889981,0.5341713428497314,57,1
75,0.22044634819030762,0.5202812409386428,0.7011945247650146,0.5621975848489875,0.001,0.5621975848489875,0.6545360088348389,57,8
76,0.20546251961163112,0.5325699234952983,0.7153419852256775,0.5282233908758613,0.001,0.5282233908758613,0.5788785815238953,57,6
77,0.20848903533012147,0.5419003097820047,0.7152513265609741,0.552483247115683,0.001,0.552483247115683,0.5974491834640503,57,3
78,0.21129588226950358,0.5359318935300575,0.7125145792961121,0.5502384713699899,0.001,0.5502384713699899,0.6558466553688049,57,3
79,0.2001485808028115,0.5619214805893911,0.7000877857208252,0.5702545142627024,0.001,0.5702545142627024,0.4962533414363861,57,4
80,0.20435936902723614,0.5567121602998728,0.7056721448898315,0.5289225522032377,0.001,0.5289225522032377,0.5259444713592529,57,3
81,0.2040945617925553,0.5392211852115011,0.6963192224502563,0.5320563491665632,0.001,0.5320563491665632,0.5312488675117493,57,1
82,0.2167916340487344,0.48332540075605723,0.7029428482055664,0.5449365506422503,0.001,0.5449365506422503,0.6598688960075378,57,9
83,0.19945461421258867,0.49489647878941917,0.7023292183876038,0.5759575087547323,0.001,0.5759575087547323,0.6312593221664429,57,7
84,0.20229344696752607,0.5617518295397655,0.7141593098640442,0.5530718909699498,0.001,0.5530718909699498,0.5449289679527283,57,2
85,0.20103815044202503,0.5301989874802542,0.7116998434066772,0.5813264207789707,0.001,0.5813264207789707,0.6162150502204895,57,6
86,0.2085247602727678,0.5338204071475301,0.6899968981742859,0.5387886112899318,0.001,0.5387886112899318,0.5024479627609253,57,3
87,0.22037557039469008,0.5764879565276356,0.7243846654891968,0.5458643126080606,0.001,0.5458643126080606,0.5344887971878052,57,3
88,0.20216239444793216,0.5651620055044063,0.7230797410011292,0.573524109521793,0.001,0.573524109521793,0.5817035436630249,57,2
89,0.19822625898652607,0.5633720897665841,0.7156105041503906,0.5759553519647235,0.001,0.5759553519647235,0.6009172201156616,57,3
90,0.20507502059141794,0.49115958877184007,0.6891535520553589,0.5179040209768428,0.001,0.5179040209768428,0.6579616665840149,57,10
91,0.20114641683915305,0.5245154063145027,0.7048674821853638,0.5275086039771991,0.001,0.5275086039771991,0.5809200406074524,57,8
92,0.2055662464764383,0.4998613744576186,0.7135221362113953,0.5244498850663947,0.001,0.5244498850663947,0.7108178734779358,57,10
93,0.19954311540202488,0.5567883398707215,0.7196623682975769,0.5449192760982462,0.001,0.5449192760982462,0.6136642694473267,57,6
94,0.20056948467852578,0.5444529185712159,0.7150640487670898,0.5751157862241383,0.001,0.5751157862241383,0.5606372952461243,57,8
95,0.19714705634211738,0.5464034316482117,0.7276315689086914,0.5438222049853945,0.001,0.5438222049853945,0.6363636255264282,57,9
96,0.20089838015181677,0.55363688671704,0.7186914682388306,0.5571533929449944,0.001,0.5571533929449944,0.580497145652771,57,4
97,0.20405510316292444,0.572653661407114,0.7241407036781311,0.5536109010834989,0.001,0.5536109010834989,0.5935771465301514,57,7
98,0.204259297795712,0.561045697892155,0.7195855379104614,0.5231612628772065,0.001,0.5231612628772065,0.5355017781257629,57,4
99,0.19841582753828593,0.5359685646822734,0.7186741828918457,0.5484005324834518,0.001,0.5484005324834518,0.6950350999832153,57,9
100,0.19505319247643152,0.5585288613441433,0.716565728187561,0.5739496105742108,0.001,0.5739496105742108,0.6136496067047119,57,3
