Epoch,Train Loss,Val Loss,Train Accuracy,Val Accuracy,Val AUC,Best Epoch,Best Val AUC
1,0.4440845158849897,0.17338106571099696,80.2828618968386,90.5982905982906,0.9844400613631383,1,0.9844400613631383
2,0.3119611675152168,0.935386217557467,87.18801996672212,70.08547008547008,0.7448316166264884,1,0.9844400613631383
3,0.32635984821446523,0.6155255158833809,89.1846921797005,85.47008547008546,0.9465994594199723,1,0.9844400613631383
4,0.2115997960806488,0.17588519897216406,91.0981697171381,88.03418803418803,0.9780845934692088,1,0.9844400613631383
5,0.12287923850478626,0.162364956150707,94.9251247920133,93.16239316239316,0.985097523559062,5,0.985097523559062
6,0.12027789639950592,0.2902782839587611,95.50748752079866,88.03418803418803,0.968003506465045,5,0.985097523559062
7,0.12342152399275942,0.4005507526234684,95.17470881863561,89.74358974358975,0.937175834611732,5,0.985097523559062
8,0.0591272547005826,0.3361278960847447,97.8369384359401,85.47008547008546,0.9655928117466579,5,0.985097523559062
9,0.07099598848854444,0.40636725303454274,97.25457570715474,87.17948717948718,0.9391482211995033,5,0.985097523559062
10,0.03992634068108388,0.29737965546102607,98.50249584026622,90.5982905982906,0.9636934765139893,5,0.985097523559062
11,0.03393316247846045,0.2625735644091908,99.00166389351081,91.45299145299145,0.9737015121630506,5,0.985097523559062
12,0.021775463661070475,0.28037105386073774,99.58402662229618,91.45299145299145,0.9700489444079188,5,0.985097523559062
13,0.027399124996039317,0.2511547488025111,99.16805324459234,91.45299145299145,0.9732632040324348,5,0.985097523559062
14,0.02007331142818769,0.2944316578726483,99.50083194675541,92.3076923076923,0.9638395792241946,5,0.985097523559062
15,0.01694072950352448,0.27981487680704165,99.50083194675541,92.3076923076923,0.9673460442691212,5,0.985097523559062
16,0.013667115066107518,0.25384113345390713,99.83361064891847,92.3076923076923,0.9711447147344584,5,0.985097523559062
17,0.011052489485250734,0.27377757379132456,100.0,92.3076923076923,0.9682226605303529,5,0.985097523559062
18,0.01185046150170874,0.2727652956277896,99.91680532445923,92.3076923076923,0.9689531740813792,5,0.985097523559062
19,0.0156290272371642,0.2792732236731766,99.58402662229618,91.45299145299145,0.9663963766527869,5,0.985097523559062
20,0.014373161358923067,0.2945735867206867,99.66722129783693,92.3076923076923,0.9650084009058367,5,0.985097523559062
21,0.014822465837150564,0.27930778010278684,99.66722129783693,92.3076923076923,0.9696836876324056,5,0.985097523559062
22,0.013709538682098942,0.27141882874007917,99.91680532445923,92.3076923076923,0.9714369201548689,5,0.985097523559062
23,0.012837355214166462,0.28610010355965704,99.83361064891847,92.3076923076923,0.9686609686609686,5,0.985097523559062
24,0.018844576038035896,0.2789178961872036,99.66722129783693,92.3076923076923,0.9692453795017897,5,0.985097523559062
25,0.011510724987456583,0.27874024683593684,99.83361064891847,92.3076923076923,0.9689531740813793,5,0.985097523559062
26,0.009834363855136414,0.26897030686720824,99.83361064891847,92.3076923076923,0.9701219957630215,5,0.985097523559062
27,0.010353326400782225,0.2881462833820245,99.91680532445923,93.16239316239316,0.9663963766527869,5,0.985097523559062
28,0.010309281160035318,0.2539013473906069,100.0,93.16239316239316,0.9731171013222295,5,0.985097523559062
29,0.014489879493854208,0.28339188756086886,99.58402662229618,93.16239316239316,0.9672729929140186,5,0.985097523559062
30,0.014103394559586108,0.26724310715993244,99.91680532445923,92.3076923076923,0.9708525093140478,5,0.985097523559062
31,0.014209528097235125,0.27959639598161745,99.83361064891847,92.3076923076923,0.9683687632405582,5,0.985097523559062
32,0.014766617375929622,0.29455699268569296,99.7504159733777,94.01709401709401,0.9646066184527723,5,0.985097523559062
33,0.008367954798278317,0.27758613942015886,100.0,92.3076923076923,0.9693914822119951,5,0.985097523559062
34,0.012634037205090935,0.27415066269727856,99.83361064891847,92.3076923076923,0.9689531740813793,5,0.985097523559062
35,0.009586815094689958,0.27363796901499104,100.0,92.3076923076923,0.9688070713711738,5,0.985097523559062
36,0.012923817204531536,0.2765826455548278,99.83361064891847,93.16239316239316,0.9684418145956607,5,0.985097523559062
37,0.013318770606932347,0.2724170073484763,99.58402662229618,93.16239316239316,0.9697567389875081,5,0.985097523559062
38,0.014739056215458821,0.26755701604052484,99.91680532445923,93.16239316239316,0.9699028416977135,5,0.985097523559062
39,0.011362420895544444,0.26204908072439015,99.91680532445923,92.3076923076923,0.9705603038936372,5,0.985097523559062
40,0.011992109453649619,0.26418997411035067,99.91680532445923,92.3076923076923,0.9708525093140478,5,0.985097523559062
41,0.012530911360524855,0.2789342701435089,99.91680532445923,93.16239316239316,0.9682957118854555,5,0.985097523559062
42,0.011304624733157121,0.26808729564022815,99.83361064891847,93.16239316239316,0.9694645335670977,5,0.985097523559062
43,0.01262557971680199,0.27482778750933134,99.83361064891847,93.16239316239316,0.9691723281466871,5,0.985097523559062
44,0.011999422895060403,0.27520316851954174,99.91680532445923,92.3076923076923,0.9690992767915845,5,0.985097523559062
45,0.015589445929342072,0.2814389650638287,99.50083194675541,92.3076923076923,0.9679304551099424,5,0.985097523559062
46,0.021986695412490608,0.28015436193881893,99.58402662229618,92.3076923076923,0.9701219957630215,5,0.985097523559062
47,0.012814502698212812,0.2999529023455758,99.83361064891847,93.16239316239316,0.9636204251588867,5,0.985097523559062
48,0.010186828897581025,0.2823083984036731,99.91680532445923,93.16239316239316,0.966980787493608,5,0.985097523559062
49,0.009759565040518758,0.27935341000556946,99.83361064891847,93.16239316239316,0.9671268902038133,5,0.985097523559062
50,0.007536010256117697,0.2736897025352869,100.0,92.3076923076923,0.9695375849222003,5,0.985097523559062
51,0.012455127687005949,0.27862762284075093,99.83361064891847,93.16239316239316,0.968587917305866,5,0.985097523559062
52,0.009018102091676656,0.2792024795825665,100.0,93.16239316239316,0.968587917305866,5,0.985097523559062
53,0.009989524363987954,0.2982837700436258,100.0,93.16239316239316,0.963766527869092,5,0.985097523559062
54,0.013672397304605228,0.28345342706411314,99.66722129783693,92.3076923076923,0.9669077361385053,5,0.985097523559062
55,0.011700618348879347,0.2873615560113874,99.91680532445923,92.3076923076923,0.9685148659507634,5,0.985097523559062
56,0.010750969100167073,0.2891067317408374,99.91680532445923,92.3076923076923,0.9673460442691212,5,0.985097523559062
57,0.009953162504264004,0.28661660709951675,100.0,94.01709401709401,0.9657389144568632,5,0.985097523559062
58,0.011440804452881738,0.27979572715922296,99.7504159733777,92.3076923076923,0.9683687632405582,5,0.985097523559062
59,0.010544115935487923,0.27171881484170246,99.91680532445923,92.3076923076923,0.969391482211995,5,0.985097523559062
60,0.016251014889575876,0.2768259058650742,99.66722129783693,92.3076923076923,0.9689531740813793,5,0.985097523559062
61,0.012169067087752153,0.27749172362506896,99.91680532445923,92.3076923076923,0.9689531740813792,5,0.985097523559062
62,0.01173911045325576,0.28031669366054046,99.91680532445923,92.3076923076923,0.9686609686609686,5,0.985097523559062
63,0.012852530427487836,0.27571568962855214,99.83361064891847,93.16239316239316,0.9688801227262767,5,0.985097523559062
64,0.014085939504243371,0.280832455198989,99.66722129783693,92.3076923076923,0.9688070713711738,5,0.985097523559062
65,0.013677616949238119,0.2722614494144407,99.7504159733777,93.16239316239316,0.9690262254364819,5,0.985097523559062
66,0.01026152300465536,0.28059042366141945,99.83361064891847,92.3076923076923,0.9682226605303529,5,0.985097523559062
67,0.013450952913122446,0.29490279998534763,99.66722129783693,93.16239316239316,0.9650814522609396,5,0.985097523559062
68,0.013782454994716333,0.2818909063298478,99.7504159733777,93.16239316239316,0.9668346847834027,5,0.985097523559062
69,0.011638095667477257,0.2925215577467894,99.83361064891847,94.01709401709401,0.9651179779384907,5,0.985097523559062
70,0.011652105764490545,0.2946295274628533,99.7504159733777,93.16239316239316,0.9644970414201184,5,0.985097523559062
71,0.010021340182537643,0.2908137379548488,100.0,94.01709401709401,0.965154503616042,5,0.985097523559062
72,0.010470001618943476,0.28151057342178804,100.0,93.16239316239316,0.9672729929140186,5,0.985097523559062
73,0.01793001214051604,0.26379643036768985,99.58402662229618,92.3076923076923,0.9705603038936372,5,0.985097523559062
74,0.012538603663494107,0.2788908703204913,99.83361064891847,92.3076923076923,0.9683687632405581,5,0.985097523559062
75,0.0084317028274552,0.2652194813275949,99.91680532445923,92.3076923076923,0.9714369201548688,5,0.985097523559062
76,0.007719808684649588,0.27893778070425373,100.0,92.3076923076923,0.9693914822119951,5,0.985097523559062
77,0.011297522063139274,0.27136959326572907,100.0,92.3076923076923,0.9689531740813793,5,0.985097523559062
78,0.010398920961716112,0.280715099002561,99.91680532445923,93.16239316239316,0.9671268902038133,5,0.985097523559062
79,0.011960337214333048,0.2782625831090487,99.91680532445923,92.3076923076923,0.9698297903426109,5,0.985097523559062
80,0.017221515664300833,0.26924566708059394,99.58402662229618,92.3076923076923,0.9701219957630214,5,0.985097523559062
81,0.01174910448665131,0.29523208813789564,99.91680532445923,92.3076923076923,0.9648622981956314,5,0.985097523559062
82,0.01188990982642983,0.2879041828151442,99.83361064891847,93.16239316239316,0.966396376652787,5,0.985097523559062
83,0.012728330863255406,0.28408304671955925,99.66722129783693,92.3076923076923,0.9670538388487107,5,0.985097523559062
84,0.008772187062016937,0.2898143208943881,99.91680532445923,93.16239316239316,0.96537365768135,5,0.985097523559062
85,0.010990478095293243,0.2984585782401582,99.83361064891847,94.01709401709401,0.9639856819343998,5,0.985097523559062
86,0.010877219901207878,0.2722728591189425,99.91680532445923,92.3076923076923,0.9693914822119951,5,0.985097523559062
87,0.01637455004076791,0.2761253740033533,99.58402662229618,92.3076923076923,0.9690992767915845,5,0.985097523559062
88,0.009224112332332104,0.27106933359406954,100.0,92.3076923076923,0.9695375849222003,5,0.985097523559062
89,0.010507309976686257,0.2772592163493491,99.83361064891847,92.3076923076923,0.9686609686609687,5,0.985097523559062
90,0.01509888861297371,0.26857741189818096,99.58402662229618,92.3076923076923,0.9711447147344583,5,0.985097523559062
91,0.013401451726721449,0.2874193593987033,99.83361064891847,93.16239316239316,0.9661041712323764,5,0.985097523559062
92,0.01786109891266077,0.30182824404830605,99.7504159733777,92.3076923076923,0.9635473738037841,5,0.985097523559062
93,0.011126567144334291,0.2853723828099732,99.91680532445923,92.3076923076923,0.9669077361385053,5,0.985097523559062
94,0.012834958448547392,0.28996824199317867,99.7504159733777,93.16239316239316,0.9656658631017605,5,0.985097523559062
95,0.011228005731859541,0.2857286092053112,99.83361064891847,93.16239316239316,0.9666885820731974,5,0.985097523559062
96,0.010880245357603083,0.2889463575477274,100.0,93.16239316239316,0.9656658631017605,5,0.985097523559062
97,0.010056577573302581,0.2840600242981544,99.91680532445923,93.16239316239316,0.9663963766527869,5,0.985097523559062
98,0.008317563546427872,0.2808689327321501,99.91680532445923,93.16239316239316,0.9669807874936079,5,0.985097523559062
99,0.008583060492871455,0.2838032413751651,99.91680532445923,93.16239316239316,0.9663963766527869,5,0.985097523559062
100,0.00918445136156336,0.3006877787092812,99.91680532445923,93.16239316239316,0.9637665278690919,5,0.985097523559062
