Index,FP_Count,Mean_Malignant_Probability,Max_Malignant_Probability,Min_Malignant_Probability
96,3,0.9999872048695883,0.9999977350234984,0.9999675750732422
97,3,0.999979297320048,0.9999874830245972,0.9999676942825316
95,3,0.9999664227167765,0.9999954700469972,0.9999245405197144
98,3,0.99991375207901,0.999991536140442,0.9998112320899964
99,3,0.9993843833605448,0.9999372959136964,0.998856782913208
5,3,0.9982426365216573,0.9994983673095704,0.9962280988693236
94,3,0.9982352455457052,0.9993969202041626,0.9970625042915344
14,3,0.9970691005388895,0.9994947910308838,0.9923896193504332
15,3,0.9961071610450745,0.9990584254264832,0.9906340837478638
93,3,0.9957585136095682,0.9994644522666932,0.9896125197410583
