Seed,Index,True Label,Predicted Label,Benign Probability,Malignant Probability
59317,96,0,1,2.2097924556874204e-06,0.9999977350234984
48271,96,0,1,3.748024482774781e-06,0.999996304512024
48271,95,0,1,4.577122126647737e-06,0.9999954700469972
48271,98,0,1,8.446327228739392e-06,0.999991536140442
48271,97,0,1,1.2504653568612412e-05,0.9999874830245972
59317,97,0,1,1.7276344806305133e-05,0.9999827146530152
59317,95,0,1,2.077954195556231e-05,0.9999792575836182
84629,97,0,1,3.2319469028152525e-05,0.9999676942825316
84629,96,0,1,3.238323552068323e-05,0.9999675750732422
84629,98,0,1,6.147219392005354e-05,0.9999384880065918
