Relative Path,Exp1 Shape,Exp2 Shape,Pixel Exact Match,Max Abs Difference
Benign\BreaDM-Be-1810\p-030.npy,"(15, 16, 9)","(15, 16, 17)",True,0
Benign\BreaDM-Be-1810\p-031.npy,"(15, 16, 9)","(15, 16, 17)",True,0
Benign\BreaDM-Be-1813\p-017.npy,"(15, 14, 9)","(15, 14, 17)",True,0
Benign\BreaDM-Be-1813\p-018.npy,"(15, 14, 9)","(15, 14, 17)",True,0
Benign\BreaDM-Be-1813\p-019.npy,"(15, 14, 9)","(15, 14, 17)",True,0
Benign\BreaDM-Be-1822\p-029.npy,"(34, 28, 9)","(34, 28, 17)",True,0
Benign\BreaDM-Be-1822\p-030.npy,"(34, 28, 9)","(34, 28, 17)",True,0
Benign\BreaDM-Be-1822\p-031.npy,"(34, 28, 9)","(34, 28, 17)",True,0
Benign\BreaDM-Be-1822\p-032.npy,"(34, 28, 9)","(34, 28, 17)",True,0
Benign\BreaDM-Be-1822\p-033.npy,"(34, 28, 9)","(34, 28, 17)",True,0
Benign\BreaDM-Be-1822\p-034.npy,"(34, 28, 9)","(34, 28, 17)",True,0
Benign\BreaDM-Be-1822\p-035.npy,"(34, 28, 9)","(34, 28, 17)",True,0
Benign\BreaDM-Be-1822\p-036.npy,"(34, 28, 9)","(34, 28, 17)",True,0
Benign\BreaDM-Be-1822\p-037.npy,"(34, 28, 9)","(34, 28, 17)",True,0
Benign\BreaDM-Be-1822\p-038.npy,"(34, 28, 9)","(34, 28, 17)",True,0
Benign\BreaDM-Be-1822\p-039.npy,"(34, 28, 9)","(34, 28, 17)",True,0
Benign\BreaDM-Be-1826\p-026.npy,"(14, 12, 9)","(14, 12, 17)",True,0
Benign\BreaDM-Be-1826\p-027.npy,"(14, 12, 9)","(14, 12, 17)",True,0
Benign\BreaDM-Be-1906\p-010.npy,"(29, 26, 9)","(29, 26, 17)",True,0
Benign\BreaDM-Be-1906\p-011.npy,"(29, 26, 9)","(29, 26, 17)",True,0
Benign\BreaDM-Be-1906\p-012.npy,"(29, 26, 9)","(29, 26, 17)",True,0
Benign\BreaDM-Be-1906\p-013.npy,"(29, 26, 9)","(29, 26, 17)",True,0
Benign\BreaDM-Be-1906\p-014.npy,"(29, 26, 9)","(29, 26, 17)",True,0
Benign\BreaDM-Be-1906\p-015.npy,"(29, 26, 9)","(29, 26, 17)",True,0
Benign\BreaDM-Be-1906\p-016.npy,"(29, 26, 9)","(29, 26, 17)",True,0
Benign\BreaDM-Be-1906\p-017.npy,"(29, 26, 9)","(29, 26, 17)",True,0
Benign\BreaDM-Be-1906\p-018.npy,"(29, 26, 9)","(29, 26, 17)",True,0
Benign\BreaDM-Be-1906\p-019.npy,"(29, 26, 9)","(29, 26, 17)",True,0
Benign\BreaDM-Be-1907\p-029.npy,"(13, 17, 9)","(13, 17, 17)",True,0
Benign\BreaDM-Be-1907\p-030.npy,"(13, 17, 9)","(13, 17, 17)",True,0
Benign\BreaDM-Be-1907\p-031.npy,"(13, 17, 9)","(13, 17, 17)",True,0
Benign\BreaDM-Be-1909\p-023.npy,"(55, 44, 9)","(55, 44, 17)",True,0
Benign\BreaDM-Be-1909\p-024.npy,"(55, 44, 9)","(55, 44, 17)",True,0
Benign\BreaDM-Be-1909\p-025.npy,"(55, 44, 9)","(55, 44, 17)",True,0
Benign\BreaDM-Be-1909\p-026.npy,"(55, 44, 9)","(55, 44, 17)",True,0
Benign\BreaDM-Be-1909\p-027.npy,"(55, 44, 9)","(55, 44, 17)",True,0
Benign\BreaDM-Be-1909\p-028.npy,"(55, 44, 9)","(55, 44, 17)",True,0
Benign\BreaDM-Be-1909\p-029.npy,"(55, 44, 9)","(55, 44, 17)",True,0
Benign\BreaDM-Be-1909\p-030.npy,"(55, 44, 9)","(55, 44, 17)",True,0
Benign\BreaDM-Be-1909\p-031.npy,"(55, 44, 9)","(55, 44, 17)",True,0
Benign\BreaDM-Be-1909\p-032.npy,"(55, 44, 9)","(55, 44, 17)",True,0
Benign\BreaDM-Be-1909\p-033.npy,"(55, 44, 9)","(55, 44, 17)",True,0
Benign\BreaDM-Be-1909\p-034.npy,"(55, 44, 9)","(55, 44, 17)",True,0
Benign\BreaDM-Be-1909\p-035.npy,"(55, 44, 9)","(55, 44, 17)",True,0
Benign\BreaDM-Be-1909\p-036.npy,"(55, 44, 9)","(55, 44, 17)",True,0
Benign\BreaDM-Be-1909\p-037.npy,"(55, 44, 9)","(55, 44, 17)",True,0
Benign\BreaDM-Be-1909\p-038.npy,"(55, 44, 9)","(55, 44, 17)",True,0
Benign\BreaDM-Be-1909\p-039.npy,"(55, 44, 9)","(55, 44, 17)",True,0
Benign\BreaDM-Be-1909\p-040.npy,"(55, 44, 9)","(55, 44, 17)",True,0
Benign\BreaDM-Be-1909\p-041.npy,"(55, 44, 9)","(55, 44, 17)",True,0
Benign\BreaDM-Be-1909\p-042.npy,"(55, 44, 9)","(55, 44, 17)",True,0
Benign\BreaDM-Be-1909\p-043.npy,"(55, 44, 9)","(55, 44, 17)",True,0
Benign\BreaDM-Be-1909\p-044.npy,"(55, 44, 9)","(55, 44, 17)",True,0
Benign\BreaDM-Be-1909\p-045.npy,"(55, 44, 9)","(55, 44, 17)",True,0
Benign\BreaDM-Be-1909\p-046.npy,"(55, 44, 9)","(55, 44, 17)",True,0
Benign\BreaDM-Be-1914\p-030.npy,"(14, 17, 9)","(14, 17, 17)",True,0
Benign\BreaDM-Be-1914\p-031.npy,"(14, 17, 9)","(14, 17, 17)",True,0
Benign\BreaDM-Be-1914\p-032.npy,"(14, 17, 9)","(14, 17, 17)",True,0
Benign\BreaDM-Be-2001\p-031.npy,"(20, 18, 9)","(20, 18, 17)",True,0
Benign\BreaDM-Be-2001\p-032.npy,"(20, 18, 9)","(20, 18, 17)",True,0
Benign\BreaDM-Be-2001\p-033.npy,"(20, 18, 9)","(20, 18, 17)",True,0
Benign\BreaDM-Be-2001\p-034.npy,"(20, 18, 9)","(20, 18, 17)",True,0
Benign\BreaDM-Be-2002\p-012.npy,"(20, 24, 9)","(20, 24, 17)",True,0
Benign\BreaDM-Be-2002\p-013.npy,"(20, 24, 9)","(20, 24, 17)",True,0
Benign\BreaDM-Be-2002\p-014.npy,"(20, 24, 9)","(20, 24, 17)",True,0
Benign\BreaDM-Be-2002\p-015.npy,"(20, 24, 9)","(20, 24, 17)",True,0
Benign\BreaDM-Be-2002\p-016.npy,"(20, 24, 9)","(20, 24, 17)",True,0
Benign\BreaDM-Be-2013\p-031.npy,"(20, 21, 9)","(20, 21, 17)",True,0
Benign\BreaDM-Be-2013\p-032.npy,"(20, 21, 9)","(20, 21, 17)",True,0
Benign\BreaDM-Be-2013\p-033.npy,"(20, 21, 9)","(20, 21, 17)",True,0
Benign\BreaDM-Be-2013\p-034.npy,"(20, 21, 9)","(20, 21, 17)",True,0
Benign\BreaDM-Be-2013\p-035.npy,"(20, 21, 9)","(20, 21, 17)",True,0
Benign\BreaDM-Be-2019\p-052.npy,"(10, 11, 9)","(10, 11, 17)",True,0
Benign\BreaDM-Be-2019\p-053.npy,"(10, 11, 9)","(10, 11, 17)",True,0
Benign\BreaDM-Be-2019\p-054.npy,"(10, 11, 9)","(10, 11, 17)",True,0
Benign\BreaDM-Be-2019\p-055.npy,"(10, 11, 9)","(10, 11, 17)",True,0
Benign\BreaDM-Be-2020\p-042.npy,"(20, 23, 9)","(20, 23, 17)",True,0
Benign\BreaDM-Be-2020\p-043.npy,"(20, 23, 9)","(20, 23, 17)",True,0
Benign\BreaDM-Be-2020\p-044.npy,"(20, 23, 9)","(20, 23, 17)",True,0
Benign\BreaDM-Be-2020\p-045.npy,"(20, 23, 9)","(20, 23, 17)",True,0
Benign\BreaDM-Be-2020\p-046.npy,"(20, 23, 9)","(20, 23, 17)",True,0
Benign\BreaDM-Be-2020\p-047.npy,"(20, 23, 9)","(20, 23, 17)",True,0
Benign\BreaDM-Be-2020\p-048.npy,"(20, 23, 9)","(20, 23, 17)",True,0
Benign\BreaDM-Be-2020\p-049.npy,"(20, 23, 9)","(20, 23, 17)",True,0
Benign\BreaDM-Be-2020\p-050.npy,"(20, 23, 9)","(20, 23, 17)",True,0
Benign\BreaDM-Be-2022\p-030.npy,"(31, 21, 9)","(31, 21, 17)",True,0
Benign\BreaDM-Be-2022\p-031.npy,"(31, 21, 9)","(31, 21, 17)",True,0
Benign\BreaDM-Be-2022\p-032.npy,"(31, 21, 9)","(31, 21, 17)",True,0
Benign\BreaDM-Be-2022\p-033.npy,"(31, 21, 9)","(31, 21, 17)",True,0
Benign\BreaDM-Be-2022\p-034.npy,"(31, 21, 9)","(31, 21, 17)",True,0
Benign\BreaDM-Be-2022\p-035.npy,"(31, 21, 9)","(31, 21, 17)",True,0
Benign\BreaDM-Be-2022\p-036.npy,"(31, 21, 9)","(31, 21, 17)",True,0
Benign\BreaDM-Be-2022\p-037.npy,"(31, 21, 9)","(31, 21, 17)",True,0
Benign\BreaDM-Be-2102\p-023.npy,"(24, 23, 9)","(24, 23, 17)",True,0
Benign\BreaDM-Be-2102\p-024.npy,"(24, 23, 9)","(24, 23, 17)",True,0
Benign\BreaDM-Be-2102\p-025.npy,"(24, 23, 9)","(24, 23, 17)",True,0
Benign\BreaDM-Be-2102\p-026.npy,"(24, 23, 9)","(24, 23, 17)",True,0
Benign\BreaDM-Be-2102\p-027.npy,"(24, 23, 9)","(24, 23, 17)",True,0
Benign\BreaDM-Be-2102\p-028.npy,"(24, 23, 9)","(24, 23, 17)",True,0
Benign\BreaDM-Be-2102\p-029.npy,"(24, 23, 9)","(24, 23, 17)",True,0
Benign\BreaDM-Be-2102\p-030.npy,"(24, 23, 9)","(24, 23, 17)",True,0
Benign\BreaDM-Be-2102\p-031.npy,"(24, 23, 9)","(24, 23, 17)",True,0
Benign\BreaDM-Be-2111\p-054.npy,"(16, 18, 9)","(16, 18, 17)",True,0
Benign\BreaDM-Be-2111\p-055.npy,"(16, 18, 9)","(16, 18, 17)",True,0
Benign\BreaDM-Be-2111\p-056.npy,"(16, 18, 9)","(16, 18, 17)",True,0
Benign\BreaDM-Be-2113\p-063.npy,"(13, 15, 9)","(13, 15, 17)",True,0
Benign\BreaDM-Be-2113\p-064.npy,"(13, 15, 9)","(13, 15, 17)",True,0
Benign\BreaDM-Be-2113\p-065.npy,"(13, 15, 9)","(13, 15, 17)",True,0
Benign\BreaDM-Be-2113\p-066.npy,"(13, 15, 9)","(13, 15, 17)",True,0
Benign\BreaDM-Be-2113\p-067.npy,"(13, 15, 9)","(13, 15, 17)",True,0
Benign\BreaDM-Be-2113\p-068.npy,"(13, 15, 9)","(13, 15, 17)",True,0
Benign\BreaDM-Be-2113\p-069.npy,"(13, 15, 9)","(13, 15, 17)",True,0
Benign\BreaDM-Be-2113\p-070.npy,"(13, 15, 9)","(13, 15, 17)",True,0
Benign\BreaDM-Be-2113\p-071.npy,"(13, 15, 9)","(13, 15, 17)",True,0
Malignant\BreaDM-Ma-1801\p-041.npy,"(20, 17, 9)","(20, 17, 17)",True,0
Malignant\BreaDM-Ma-1801\p-042.npy,"(20, 17, 9)","(20, 17, 17)",True,0
Malignant\BreaDM-Ma-1801\p-043.npy,"(20, 17, 9)","(20, 17, 17)",True,0
Malignant\BreaDM-Ma-1801\p-044.npy,"(20, 17, 9)","(20, 17, 17)",True,0
Malignant\BreaDM-Ma-1801\p-045.npy,"(20, 17, 9)","(20, 17, 17)",True,0
Malignant\BreaDM-Ma-1821\p-042.npy,"(23, 21, 9)","(23, 21, 17)",True,0
Malignant\BreaDM-Ma-1821\p-043.npy,"(23, 21, 9)","(23, 21, 17)",True,0
Malignant\BreaDM-Ma-1821\p-044.npy,"(23, 21, 9)","(23, 21, 17)",True,0
Malignant\BreaDM-Ma-1821\p-045.npy,"(23, 21, 9)","(23, 21, 17)",True,0
Malignant\BreaDM-Ma-1821\p-046.npy,"(23, 21, 9)","(23, 21, 17)",True,0
Malignant\BreaDM-Ma-1821\p-047.npy,"(23, 21, 9)","(23, 21, 17)",True,0
Malignant\BreaDM-Ma-1821\p-048.npy,"(23, 21, 9)","(23, 21, 17)",True,0
Malignant\BreaDM-Ma-1821\p-049.npy,"(23, 21, 9)","(23, 21, 17)",True,0
Malignant\BreaDM-Ma-1824\p-029.npy,"(24, 23, 9)","(24, 23, 17)",True,0
Malignant\BreaDM-Ma-1824\p-030.npy,"(24, 23, 9)","(24, 23, 17)",True,0
Malignant\BreaDM-Ma-1824\p-031.npy,"(24, 23, 9)","(24, 23, 17)",True,0
Malignant\BreaDM-Ma-1824\p-032.npy,"(24, 23, 9)","(24, 23, 17)",True,0
Malignant\BreaDM-Ma-1824\p-033.npy,"(24, 23, 9)","(24, 23, 17)",True,0
Malignant\BreaDM-Ma-1908\p-042.npy,"(17, 17, 9)","(17, 17, 17)",True,0
Malignant\BreaDM-Ma-1908\p-043.npy,"(17, 17, 9)","(17, 17, 17)",True,0
Malignant\BreaDM-Ma-1908\p-044.npy,"(17, 17, 9)","(17, 17, 17)",True,0
Malignant\BreaDM-Ma-1908\p-045.npy,"(17, 17, 9)","(17, 17, 17)",True,0
Malignant\BreaDM-Ma-1908\p-046.npy,"(17, 17, 9)","(17, 17, 17)",True,0
Malignant\BreaDM-Ma-1908\p-047.npy,"(17, 17, 9)","(17, 17, 17)",True,0
Malignant\BreaDM-Ma-1909\p-045.npy,"(12, 14, 9)","(12, 14, 17)",True,0
Malignant\BreaDM-Ma-1909\p-046.npy,"(12, 14, 9)","(12, 14, 17)",True,0
Malignant\BreaDM-Ma-1909\p-047.npy,"(12, 14, 9)","(12, 14, 17)",True,0
Malignant\BreaDM-Ma-1915\p-019.npy,"(53, 58, 9)","(53, 58, 17)",True,0
Malignant\BreaDM-Ma-1915\p-020.npy,"(53, 58, 9)","(53, 58, 17)",True,0
Malignant\BreaDM-Ma-1915\p-021.npy,"(53, 58, 9)","(53, 58, 17)",True,0
Malignant\BreaDM-Ma-1915\p-022.npy,"(53, 58, 9)","(53, 58, 17)",True,0
Malignant\BreaDM-Ma-1915\p-023.npy,"(53, 58, 9)","(53, 58, 17)",True,0
Malignant\BreaDM-Ma-1915\p-024.npy,"(53, 58, 9)","(53, 58, 17)",True,0
Malignant\BreaDM-Ma-1915\p-025.npy,"(53, 58, 9)","(53, 58, 17)",True,0
Malignant\BreaDM-Ma-1915\p-026.npy,"(53, 58, 9)","(53, 58, 17)",True,0
Malignant\BreaDM-Ma-1915\p-027.npy,"(53, 58, 9)","(53, 58, 17)",True,0
Malignant\BreaDM-Ma-1915\p-028.npy,"(53, 58, 9)","(53, 58, 17)",True,0
Malignant\BreaDM-Ma-1915\p-029.npy,"(53, 58, 9)","(53, 58, 17)",True,0
Malignant\BreaDM-Ma-1915\p-030.npy,"(53, 58, 9)","(53, 58, 17)",True,0
Malignant\BreaDM-Ma-1915\p-031.npy,"(53, 58, 9)","(53, 58, 17)",True,0
Malignant\BreaDM-Ma-1915\p-032.npy,"(53, 58, 9)","(53, 58, 17)",True,0
Malignant\BreaDM-Ma-1915\p-033.npy,"(53, 58, 9)","(53, 58, 17)",True,0
Malignant\BreaDM-Ma-1915\p-034.npy,"(53, 58, 9)","(53, 58, 17)",True,0
Malignant\BreaDM-Ma-1916\p-036.npy,"(29, 30, 9)","(29, 30, 17)",True,0
Malignant\BreaDM-Ma-1916\p-037.npy,"(29, 30, 9)","(29, 30, 17)",True,0
Malignant\BreaDM-Ma-1916\p-038.npy,"(29, 30, 9)","(29, 30, 17)",True,0
Malignant\BreaDM-Ma-1916\p-039.npy,"(29, 30, 9)","(29, 30, 17)",True,0
Malignant\BreaDM-Ma-1916\p-040.npy,"(29, 30, 9)","(29, 30, 17)",True,0
Malignant\BreaDM-Ma-1916\p-041.npy,"(29, 30, 9)","(29, 30, 17)",True,0
Malignant\BreaDM-Ma-1916\p-042.npy,"(29, 30, 9)","(29, 30, 17)",True,0
Malignant\BreaDM-Ma-1916\p-043.npy,"(29, 30, 9)","(29, 30, 17)",True,0
Malignant\BreaDM-Ma-1919\p-038.npy,"(35, 32, 9)","(35, 32, 17)",True,0
Malignant\BreaDM-Ma-1919\p-039.npy,"(35, 32, 9)","(35, 32, 17)",True,0
Malignant\BreaDM-Ma-1919\p-040.npy,"(35, 32, 9)","(35, 32, 17)",True,0
Malignant\BreaDM-Ma-1919\p-041.npy,"(35, 32, 9)","(35, 32, 17)",True,0
Malignant\BreaDM-Ma-1919\p-042.npy,"(35, 32, 9)","(35, 32, 17)",True,0
Malignant\BreaDM-Ma-1919\p-043.npy,"(35, 32, 9)","(35, 32, 17)",True,0
Malignant\BreaDM-Ma-1919\p-044.npy,"(35, 32, 9)","(35, 32, 17)",True,0
Malignant\BreaDM-Ma-1919\p-045.npy,"(35, 32, 9)","(35, 32, 17)",True,0
Malignant\BreaDM-Ma-1919\p-046.npy,"(35, 32, 9)","(35, 32, 17)",True,0
Malignant\BreaDM-Ma-1919\p-047.npy,"(35, 32, 9)","(35, 32, 17)",True,0
Malignant\BreaDM-Ma-1921\p-049.npy,"(17, 20, 9)","(17, 20, 17)",True,0
Malignant\BreaDM-Ma-1921\p-050.npy,"(17, 20, 9)","(17, 20, 17)",True,0
Malignant\BreaDM-Ma-1921\p-051.npy,"(17, 20, 9)","(17, 20, 17)",True,0
Malignant\BreaDM-Ma-1921\p-052.npy,"(17, 20, 9)","(17, 20, 17)",True,0
Malignant\BreaDM-Ma-1921\p-053.npy,"(17, 20, 9)","(17, 20, 17)",True,0
Malignant\BreaDM-Ma-1923\p-022.npy,"(38, 40, 9)","(38, 40, 17)",True,0
Malignant\BreaDM-Ma-1923\p-023.npy,"(38, 40, 9)","(38, 40, 17)",True,0
Malignant\BreaDM-Ma-1923\p-024.npy,"(38, 40, 9)","(38, 40, 17)",True,0
Malignant\BreaDM-Ma-1923\p-025.npy,"(38, 40, 9)","(38, 40, 17)",True,0
Malignant\BreaDM-Ma-1923\p-026.npy,"(38, 40, 9)","(38, 40, 17)",True,0
Malignant\BreaDM-Ma-1923\p-027.npy,"(38, 40, 9)","(38, 40, 17)",True,0
Malignant\BreaDM-Ma-1923\p-028.npy,"(38, 40, 9)","(38, 40, 17)",True,0
Malignant\BreaDM-Ma-1923\p-029.npy,"(38, 40, 9)","(38, 40, 17)",True,0
Malignant\BreaDM-Ma-1923\p-030.npy,"(38, 40, 9)","(38, 40, 17)",True,0
Malignant\BreaDM-Ma-1923\p-031.npy,"(38, 40, 9)","(38, 40, 17)",True,0
Malignant\BreaDM-Ma-1923\p-032.npy,"(38, 40, 9)","(38, 40, 17)",True,0
Malignant\BreaDM-Ma-1923\p-033.npy,"(38, 40, 9)","(38, 40, 17)",True,0
Malignant\BreaDM-Ma-1923\p-034.npy,"(38, 40, 9)","(38, 40, 17)",True,0
Malignant\BreaDM-Ma-2007\p-033.npy,"(21, 28, 9)","(21, 28, 17)",True,0
Malignant\BreaDM-Ma-2007\p-034.npy,"(21, 28, 9)","(21, 28, 17)",True,0
Malignant\BreaDM-Ma-2007\p-035.npy,"(21, 28, 9)","(21, 28, 17)",True,0
Malignant\BreaDM-Ma-2007\p-036.npy,"(21, 28, 9)","(21, 28, 17)",True,0
Malignant\BreaDM-Ma-2007\p-037.npy,"(21, 28, 9)","(21, 28, 17)",True,0
Malignant\BreaDM-Ma-2007\p-038.npy,"(21, 28, 9)","(21, 28, 17)",True,0
Malignant\BreaDM-Ma-2007\p-039.npy,"(21, 28, 9)","(21, 28, 17)",True,0
Malignant\BreaDM-Ma-2007\p-040.npy,"(21, 28, 9)","(21, 28, 17)",True,0
Malignant\BreaDM-Ma-2007\p-041.npy,"(21, 28, 9)","(21, 28, 17)",True,0
Malignant\BreaDM-Ma-2007\p-042.npy,"(21, 28, 9)","(21, 28, 17)",True,0
Malignant\BreaDM-Ma-2007\p-043.npy,"(21, 28, 9)","(21, 28, 17)",True,0
Malignant\BreaDM-Ma-2007\p-044.npy,"(21, 28, 9)","(21, 28, 17)",True,0
Malignant\BreaDM-Ma-2007\p-045.npy,"(21, 28, 9)","(21, 28, 17)",True,0
Malignant\BreaDM-Ma-2007\p-046.npy,"(21, 28, 9)","(21, 28, 17)",True,0
Malignant\BreaDM-Ma-2007\p-047.npy,"(21, 28, 9)","(21, 28, 17)",True,0
Malignant\BreaDM-Ma-2012\p-039.npy,"(44, 42, 9)","(44, 42, 17)",True,0
Malignant\BreaDM-Ma-2012\p-040.npy,"(44, 42, 9)","(44, 42, 17)",True,0
Malignant\BreaDM-Ma-2012\p-041.npy,"(44, 42, 9)","(44, 42, 17)",True,0
Malignant\BreaDM-Ma-2012\p-042.npy,"(44, 42, 9)","(44, 42, 17)",True,0
Malignant\BreaDM-Ma-2012\p-043.npy,"(44, 42, 9)","(44, 42, 17)",True,0
Malignant\BreaDM-Ma-2012\p-044.npy,"(44, 42, 9)","(44, 42, 17)",True,0
Malignant\BreaDM-Ma-2012\p-045.npy,"(44, 42, 9)","(44, 42, 17)",True,0
Malignant\BreaDM-Ma-2012\p-046.npy,"(44, 42, 9)","(44, 42, 17)",True,0
Malignant\BreaDM-Ma-2012\p-047.npy,"(44, 42, 9)","(44, 42, 17)",True,0
Malignant\BreaDM-Ma-2012\p-048.npy,"(44, 42, 9)","(44, 42, 17)",True,0
Malignant\BreaDM-Ma-2012\p-049.npy,"(44, 42, 9)","(44, 42, 17)",True,0
Malignant\BreaDM-Ma-2012\p-050.npy,"(44, 42, 9)","(44, 42, 17)",True,0
Malignant\BreaDM-Ma-2012\p-051.npy,"(44, 42, 9)","(44, 42, 17)",True,0
Malignant\BreaDM-Ma-2012\p-052.npy,"(44, 42, 9)","(44, 42, 17)",True,0
Malignant\BreaDM-Ma-2012\p-053.npy,"(44, 42, 9)","(44, 42, 17)",True,0
Malignant\BreaDM-Ma-2026\p-060.npy,"(17, 28, 9)","(17, 28, 17)",True,0
Malignant\BreaDM-Ma-2026\p-061.npy,"(17, 28, 9)","(17, 28, 17)",True,0
Malignant\BreaDM-Ma-2026\p-062.npy,"(17, 28, 9)","(17, 28, 17)",True,0
Malignant\BreaDM-Ma-2026\p-063.npy,"(17, 28, 9)","(17, 28, 17)",True,0
Malignant\BreaDM-Ma-2026\p-064.npy,"(17, 28, 9)","(17, 28, 17)",True,0
Malignant\BreaDM-Ma-2026\p-065.npy,"(17, 28, 9)","(17, 28, 17)",True,0
Malignant\BreaDM-Ma-2026\p-066.npy,"(17, 28, 9)","(17, 28, 17)",True,0
Malignant\BreaDM-Ma-2026\p-067.npy,"(17, 28, 9)","(17, 28, 17)",True,0
Malignant\BreaDM-Ma-2026\p-068.npy,"(17, 28, 9)","(17, 28, 17)",True,0
Malignant\BreaDM-Ma-2026\p-069.npy,"(17, 28, 9)","(17, 28, 17)",True,0
Malignant\BreaDM-Ma-2026\p-070.npy,"(17, 28, 9)","(17, 28, 17)",True,0
Malignant\BreaDM-Ma-2026\p-071.npy,"(17, 28, 9)","(17, 28, 17)",True,0
Malignant\BreaDM-Ma-2027\p-055.npy,"(24, 37, 9)","(24, 37, 17)",True,0
Malignant\BreaDM-Ma-2027\p-056.npy,"(24, 37, 9)","(24, 37, 17)",True,0
Malignant\BreaDM-Ma-2027\p-057.npy,"(24, 37, 9)","(24, 37, 17)",True,0
Malignant\BreaDM-Ma-2027\p-058.npy,"(24, 37, 9)","(24, 37, 17)",True,0
Malignant\BreaDM-Ma-2027\p-059.npy,"(24, 37, 9)","(24, 37, 17)",True,0
Malignant\BreaDM-Ma-2027\p-060.npy,"(24, 37, 9)","(24, 37, 17)",True,0
Malignant\BreaDM-Ma-2027\p-061.npy,"(24, 37, 9)","(24, 37, 17)",True,0
Malignant\BreaDM-Ma-2027\p-062.npy,"(24, 37, 9)","(24, 37, 17)",True,0
Malignant\BreaDM-Ma-2027\p-063.npy,"(24, 37, 9)","(24, 37, 17)",True,0
Malignant\BreaDM-Ma-2027\p-064.npy,"(24, 37, 9)","(24, 37, 17)",True,0
Malignant\BreaDM-Ma-2027\p-065.npy,"(24, 37, 9)","(24, 37, 17)",True,0
Malignant\BreaDM-Ma-2027\p-066.npy,"(24, 37, 9)","(24, 37, 17)",True,0
Malignant\BreaDM-Ma-2027\p-067.npy,"(24, 37, 9)","(24, 37, 17)",True,0
Malignant\BreaDM-Ma-2027\p-068.npy,"(24, 37, 9)","(24, 37, 17)",True,0
Malignant\BreaDM-Ma-2027\p-069.npy,"(24, 37, 9)","(24, 37, 17)",True,0
Malignant\BreaDM-Ma-2027\p-070.npy,"(24, 37, 9)","(24, 37, 17)",True,0
Malignant\BreaDM-Ma-2027\p-071.npy,"(24, 37, 9)","(24, 37, 17)",True,0
Malignant\BreaDM-Ma-2027\p-072.npy,"(24, 37, 9)","(24, 37, 17)",True,0
Malignant\BreaDM-Ma-2027\p-073.npy,"(24, 37, 9)","(24, 37, 17)",True,0
Malignant\BreaDM-Ma-2027\p-074.npy,"(24, 37, 9)","(24, 37, 17)",True,0
Malignant\BreaDM-Ma-2027\p-075.npy,"(24, 37, 9)","(24, 37, 17)",True,0
Malignant\BreaDM-Ma-2027\p-076.npy,"(24, 37, 9)","(24, 37, 17)",True,0
Malignant\BreaDM-Ma-2038\p-026.npy,"(13, 12, 9)","(13, 12, 17)",True,0
Malignant\BreaDM-Ma-2038\p-027.npy,"(13, 12, 9)","(13, 12, 17)",True,0
Malignant\BreaDM-Ma-2039\p-028.npy,"(16, 17, 9)","(16, 17, 17)",True,0
Malignant\BreaDM-Ma-2039\p-029.npy,"(16, 17, 9)","(16, 17, 17)",True,0
Malignant\BreaDM-Ma-2039\p-030.npy,"(16, 17, 9)","(16, 17, 17)",True,0
Malignant\BreaDM-Ma-2039\p-031.npy,"(16, 17, 9)","(16, 17, 17)",True,0
Malignant\BreaDM-Ma-2039\p-032.npy,"(16, 17, 9)","(16, 17, 17)",True,0
Malignant\BreaDM-Ma-2039\p-033.npy,"(16, 17, 9)","(16, 17, 17)",True,0
Malignant\BreaDM-Ma-2039\p-034.npy,"(16, 17, 9)","(16, 17, 17)",True,0
Malignant\BreaDM-Ma-2039\p-035.npy,"(16, 17, 9)","(16, 17, 17)",True,0
Malignant\BreaDM-Ma-2039\p-036.npy,"(16, 17, 9)","(16, 17, 17)",True,0
Malignant\BreaDM-Ma-2043\p-055.npy,"(24, 18, 9)","(24, 18, 17)",True,0
Malignant\BreaDM-Ma-2043\p-056.npy,"(24, 18, 9)","(24, 18, 17)",True,0
Malignant\BreaDM-Ma-2043\p-057.npy,"(24, 18, 9)","(24, 18, 17)",True,0
Malignant\BreaDM-Ma-2043\p-058.npy,"(24, 18, 9)","(24, 18, 17)",True,0
Malignant\BreaDM-Ma-2043\p-059.npy,"(24, 18, 9)","(24, 18, 17)",True,0
Malignant\BreaDM-Ma-2043\p-060.npy,"(24, 18, 9)","(24, 18, 17)",True,0
Malignant\BreaDM-Ma-2043\p-061.npy,"(24, 18, 9)","(24, 18, 17)",True,0
Malignant\BreaDM-Ma-2043\p-062.npy,"(24, 18, 9)","(24, 18, 17)",True,0
Malignant\BreaDM-Ma-2043\p-063.npy,"(24, 18, 9)","(24, 18, 17)",True,0
Malignant\BreaDM-Ma-2043\p-064.npy,"(24, 18, 9)","(24, 18, 17)",True,0
Malignant\BreaDM-Ma-2043\p-065.npy,"(24, 18, 9)","(24, 18, 17)",True,0
Malignant\BreaDM-Ma-2044\p-054.npy,"(27, 26, 9)","(27, 26, 17)",True,0
Malignant\BreaDM-Ma-2044\p-055.npy,"(27, 26, 9)","(27, 26, 17)",True,0
Malignant\BreaDM-Ma-2044\p-056.npy,"(27, 26, 9)","(27, 26, 17)",True,0
Malignant\BreaDM-Ma-2044\p-057.npy,"(27, 26, 9)","(27, 26, 17)",True,0
Malignant\BreaDM-Ma-2044\p-058.npy,"(27, 26, 9)","(27, 26, 17)",True,0
Malignant\BreaDM-Ma-2044\p-059.npy,"(27, 26, 9)","(27, 26, 17)",True,0
Malignant\BreaDM-Ma-2044\p-060.npy,"(27, 26, 9)","(27, 26, 17)",True,0
Malignant\BreaDM-Ma-2044\p-061.npy,"(27, 26, 9)","(27, 26, 17)",True,0
Malignant\BreaDM-Ma-2044\p-062.npy,"(27, 26, 9)","(27, 26, 17)",True,0
Malignant\BreaDM-Ma-2044\p-063.npy,"(27, 26, 9)","(27, 26, 17)",True,0
Malignant\BreaDM-Ma-2044\p-064.npy,"(27, 26, 9)","(27, 26, 17)",True,0
Malignant\BreaDM-Ma-2107\p-058.npy,"(22, 26, 9)","(22, 26, 17)",True,0
Malignant\BreaDM-Ma-2107\p-059.npy,"(22, 26, 9)","(22, 26, 17)",True,0
Malignant\BreaDM-Ma-2107\p-060.npy,"(22, 26, 9)","(22, 26, 17)",True,0
Malignant\BreaDM-Ma-2107\p-061.npy,"(22, 26, 9)","(22, 26, 17)",True,0
Malignant\BreaDM-Ma-2107\p-062.npy,"(22, 26, 9)","(22, 26, 17)",True,0
Malignant\BreaDM-Ma-2107\p-063.npy,"(22, 26, 9)","(22, 26, 17)",True,0
Malignant\BreaDM-Ma-2107\p-064.npy,"(22, 26, 9)","(22, 26, 17)",True,0
Malignant\BreaDM-Ma-2107\p-065.npy,"(22, 26, 9)","(22, 26, 17)",True,0
Malignant\BreaDM-Ma-2107\p-066.npy,"(22, 26, 9)","(22, 26, 17)",True,0
Malignant\BreaDM-Ma-2107\p-067.npy,"(22, 26, 9)","(22, 26, 17)",True,0
Malignant\BreaDM-Ma-2107\p-068.npy,"(22, 26, 9)","(22, 26, 17)",True,0
Malignant\BreaDM-Ma-2107\p-069.npy,"(22, 26, 9)","(22, 26, 17)",True,0
Malignant\BreaDM-Ma-2107\p-070.npy,"(22, 26, 9)","(22, 26, 17)",True,0
Malignant\BreaDM-Ma-2108\p-061.npy,"(26, 26, 9)","(26, 26, 17)",True,0
Malignant\BreaDM-Ma-2108\p-062.npy,"(26, 26, 9)","(26, 26, 17)",True,0
Malignant\BreaDM-Ma-2108\p-063.npy,"(26, 26, 9)","(26, 26, 17)",True,0
Malignant\BreaDM-Ma-2108\p-064.npy,"(26, 26, 9)","(26, 26, 17)",True,0
Malignant\BreaDM-Ma-2108\p-065.npy,"(26, 26, 9)","(26, 26, 17)",True,0
Malignant\BreaDM-Ma-2108\p-066.npy,"(26, 26, 9)","(26, 26, 17)",True,0
Malignant\BreaDM-Ma-2108\p-067.npy,"(26, 26, 9)","(26, 26, 17)",True,0
Malignant\BreaDM-Ma-2108\p-068.npy,"(26, 26, 9)","(26, 26, 17)",True,0
Malignant\BreaDM-Ma-2108\p-069.npy,"(26, 26, 9)","(26, 26, 17)",True,0
Malignant\BreaDM-Ma-2108\p-070.npy,"(26, 26, 9)","(26, 26, 17)",True,0
Malignant\BreaDM-Ma-2108\p-071.npy,"(26, 26, 9)","(26, 26, 17)",True,0
Malignant\BreaDM-Ma-2108\p-072.npy,"(26, 26, 9)","(26, 26, 17)",True,0
Malignant\BreaDM-Ma-2109\p-049.npy,"(36, 25, 9)","(36, 25, 17)",True,0
Malignant\BreaDM-Ma-2109\p-050.npy,"(36, 25, 9)","(36, 25, 17)",True,0
Malignant\BreaDM-Ma-2109\p-051.npy,"(36, 25, 9)","(36, 25, 17)",True,0
Malignant\BreaDM-Ma-2109\p-052.npy,"(36, 25, 9)","(36, 25, 17)",True,0
Malignant\BreaDM-Ma-2109\p-053.npy,"(36, 25, 9)","(36, 25, 17)",True,0
Malignant\BreaDM-Ma-2116\p-054.npy,"(30, 25, 9)","(30, 25, 17)",True,0
Malignant\BreaDM-Ma-2116\p-055.npy,"(30, 25, 9)","(30, 25, 17)",True,0
Malignant\BreaDM-Ma-2116\p-056.npy,"(30, 25, 9)","(30, 25, 17)",True,0
Malignant\BreaDM-Ma-2116\p-057.npy,"(30, 25, 9)","(30, 25, 17)",True,0
Malignant\BreaDM-Ma-2116\p-058.npy,"(30, 25, 9)","(30, 25, 17)",True,0
Malignant\BreaDM-Ma-2116\p-059.npy,"(30, 25, 9)","(30, 25, 17)",True,0
Malignant\BreaDM-Ma-2116\p-060.npy,"(30, 25, 9)","(30, 25, 17)",True,0
Malignant\BreaDM-Ma-2116\p-061.npy,"(30, 25, 9)","(30, 25, 17)",True,0
Malignant\BreaDM-Ma-2116\p-062.npy,"(30, 25, 9)","(30, 25, 17)",True,0
Malignant\BreaDM-Ma-2116\p-063.npy,"(30, 25, 9)","(30, 25, 17)",True,0
Malignant\BreaDM-Ma-2116\p-064.npy,"(30, 25, 9)","(30, 25, 17)",True,0
Malignant\BreaDM-Ma-2116\p-065.npy,"(30, 25, 9)","(30, 25, 17)",True,0
Malignant\BreaDM-Ma-2116\p-066.npy,"(30, 25, 9)","(30, 25, 17)",True,0
Malignant\BreaDM-Ma-2118\p-046.npy,"(18, 37, 9)","(18, 37, 17)",True,0
Malignant\BreaDM-Ma-2118\p-047.npy,"(18, 37, 9)","(18, 37, 17)",True,0
Malignant\BreaDM-Ma-2118\p-048.npy,"(18, 37, 9)","(18, 37, 17)",True,0
Malignant\BreaDM-Ma-2118\p-049.npy,"(18, 37, 9)","(18, 37, 17)",True,0
Malignant\BreaDM-Ma-2118\p-050.npy,"(18, 37, 9)","(18, 37, 17)",True,0
Malignant\BreaDM-Ma-2118\p-051.npy,"(18, 37, 9)","(18, 37, 17)",True,0
Malignant\BreaDM-Ma-2118\p-052.npy,"(18, 37, 9)","(18, 37, 17)",True,0
Malignant\BreaDM-Ma-2118\p-053.npy,"(18, 37, 9)","(18, 37, 17)",True,0
Malignant\BreaDM-Ma-2118\p-054.npy,"(18, 37, 9)","(18, 37, 17)",True,0
Malignant\BreaDM-Ma-2118\p-055.npy,"(18, 37, 9)","(18, 37, 17)",True,0
Malignant\BreaDM-Ma-2118\p-056.npy,"(18, 37, 9)","(18, 37, 17)",True,0
Malignant\BreaDM-Ma-2122\p-027.npy,"(20, 14, 9)","(20, 14, 17)",True,0
Malignant\BreaDM-Ma-2122\p-028.npy,"(20, 14, 9)","(20, 14, 17)",True,0
Malignant\BreaDM-Ma-2122\p-029.npy,"(20, 14, 9)","(20, 14, 17)",True,0
Malignant\BreaDM-Ma-2122\p-030.npy,"(20, 14, 9)","(20, 14, 17)",True,0
Malignant\BreaDM-Ma-2122\p-031.npy,"(20, 14, 9)","(20, 14, 17)",True,0
Malignant\BreaDM-Ma-2125\p-018.npy,"(28, 36, 9)","(28, 36, 17)",True,0
Malignant\BreaDM-Ma-2125\p-019.npy,"(28, 36, 9)","(28, 36, 17)",True,0
Malignant\BreaDM-Ma-2125\p-020.npy,"(28, 36, 9)","(28, 36, 17)",True,0
Malignant\BreaDM-Ma-2125\p-021.npy,"(28, 36, 9)","(28, 36, 17)",True,0
Malignant\BreaDM-Ma-2125\p-022.npy,"(28, 36, 9)","(28, 36, 17)",True,0
Malignant\BreaDM-Ma-2125\p-023.npy,"(28, 36, 9)","(28, 36, 17)",True,0
Malignant\BreaDM-Ma-2126\p-040.npy,"(16, 25, 9)","(16, 25, 17)",True,0
Malignant\BreaDM-Ma-2126\p-041.npy,"(16, 25, 9)","(16, 25, 17)",True,0
Malignant\BreaDM-Ma-2126\p-042.npy,"(16, 25, 9)","(16, 25, 17)",True,0
Malignant\BreaDM-Ma-2126\p-043.npy,"(16, 25, 9)","(16, 25, 17)",True,0
Malignant\BreaDM-Ma-2126\p-044.npy,"(16, 25, 9)","(16, 25, 17)",True,0
Malignant\BreaDM-Ma-2126\p-045.npy,"(16, 25, 9)","(16, 25, 17)",True,0
Malignant\BreaDM-Ma-2126\p-046.npy,"(16, 25, 9)","(16, 25, 17)",True,0
Malignant\BreaDM-Ma-2131\p-051.npy,"(24, 29, 9)","(24, 29, 17)",True,0
Malignant\BreaDM-Ma-2131\p-052.npy,"(24, 29, 9)","(24, 29, 17)",True,0
Malignant\BreaDM-Ma-2131\p-053.npy,"(24, 29, 9)","(24, 29, 17)",True,0
Malignant\BreaDM-Ma-2131\p-054.npy,"(24, 29, 9)","(24, 29, 17)",True,0
Malignant\BreaDM-Ma-2131\p-055.npy,"(24, 29, 9)","(24, 29, 17)",True,0
Malignant\BreaDM-Ma-2131\p-056.npy,"(24, 29, 9)","(24, 29, 17)",True,0
Malignant\BreaDM-Ma-2131\p-057.npy,"(24, 29, 9)","(24, 29, 17)",True,0
Malignant\BreaDM-Ma-2131\p-058.npy,"(24, 29, 9)","(24, 29, 17)",True,0
Malignant\BreaDM-Ma-2131\p-059.npy,"(24, 29, 9)","(24, 29, 17)",True,0
Malignant\BreaDM-Ma-2131\p-060.npy,"(24, 29, 9)","(24, 29, 17)",True,0
Malignant\BreaDM-Ma-2131\p-061.npy,"(24, 29, 9)","(24, 29, 17)",True,0
Malignant\BreaDM-Ma-2131\p-062.npy,"(24, 29, 9)","(24, 29, 17)",True,0
Malignant\BreaDM-Ma-2131\p-063.npy,"(24, 29, 9)","(24, 29, 17)",True,0
Malignant\BreaDM-Ma-2131\p-064.npy,"(24, 29, 9)","(24, 29, 17)",True,0
Malignant\BreaDM-Ma-2131\p-065.npy,"(24, 29, 9)","(24, 29, 17)",True,0
Malignant\BreaDM-Ma-2134\p-042.npy,"(24, 24, 9)","(24, 24, 17)",True,0
Malignant\BreaDM-Ma-2134\p-043.npy,"(24, 24, 9)","(24, 24, 17)",True,0
Malignant\BreaDM-Ma-2134\p-044.npy,"(24, 24, 9)","(24, 24, 17)",True,0
Malignant\BreaDM-Ma-2134\p-045.npy,"(24, 24, 9)","(24, 24, 17)",True,0
Malignant\BreaDM-Ma-2134\p-046.npy,"(24, 24, 9)","(24, 24, 17)",True,0
Malignant\BreaDM-Ma-2134\p-047.npy,"(24, 24, 9)","(24, 24, 17)",True,0
Malignant\BreaDM-Ma-2134\p-048.npy,"(24, 24, 9)","(24, 24, 17)",True,0
Malignant\BreaDM-Ma-2134\p-049.npy,"(24, 24, 9)","(24, 24, 17)",True,0
Malignant\BreaDM-Ma-2134\p-050.npy,"(24, 24, 9)","(24, 24, 17)",True,0
Malignant\BreaDM-Ma-2134\p-051.npy,"(24, 24, 9)","(24, 24, 17)",True,0
Malignant\BreaDM-Ma-2140\p-034.npy,"(23, 24, 9)","(23, 24, 17)",True,0
Malignant\BreaDM-Ma-2140\p-035.npy,"(23, 24, 9)","(23, 24, 17)",True,0
Malignant\BreaDM-Ma-2140\p-036.npy,"(23, 24, 9)","(23, 24, 17)",True,0
Malignant\BreaDM-Ma-2140\p-037.npy,"(23, 24, 9)","(23, 24, 17)",True,0
Malignant\BreaDM-Ma-2140\p-038.npy,"(23, 24, 9)","(23, 24, 17)",True,0
Malignant\BreaDM-Ma-2140\p-039.npy,"(23, 24, 9)","(23, 24, 17)",True,0
Malignant\BreaDM-Ma-2140\p-040.npy,"(23, 24, 9)","(23, 24, 17)",True,0
Malignant\BreaDM-Ma-2140\p-041.npy,"(23, 24, 9)","(23, 24, 17)",True,0
Malignant\BreaDM-Ma-2140\p-042.npy,"(23, 24, 9)","(23, 24, 17)",True,0
Malignant\BreaDM-Ma-2140\p-043.npy,"(23, 24, 9)","(23, 24, 17)",True,0
Malignant\BreaDM-Ma-2140\p-044.npy,"(23, 24, 9)","(23, 24, 17)",True,0
Malignant\BreaDM-Ma-2141\p-018.npy,"(15, 20, 9)","(15, 20, 17)",True,0
Malignant\BreaDM-Ma-2141\p-019.npy,"(15, 20, 9)","(15, 20, 17)",True,0
Malignant\BreaDM-Ma-2141\p-020.npy,"(15, 20, 9)","(15, 20, 17)",True,0
Malignant\BreaDM-Ma-2141\p-021.npy,"(15, 20, 9)","(15, 20, 17)",True,0
Malignant\BreaDM-Ma-2141\p-022.npy,"(15, 20, 9)","(15, 20, 17)",True,0
