epoch,train_loss,val_dice,val_miou,val_ppv,lr
1,0.25376869255971274,0.46876975893974304,0.6901437044143677,0.7997055649757385,0.01
2,0.18874483484430865,0.6161022186279297,0.7324137091636658,0.5277212262153625,0.01
3,0.16612381487501807,0.6030042767524719,0.7659910917282104,0.7616257071495056,0.01
4,0.153701832168189,0.6045771241188049,0.7644358277320862,0.7623403072357178,0.01
5,0.14518059157009974,0.6458905935287476,0.7789075374603271,0.6446977853775024,0.01
6,0.13879845379115738,0.6669666767120361,0.7857263088226318,0.6635973453521729,0.01
7,0.13383410236155482,0.6571556925773621,0.809804379940033,0.7503533363342285,0.01
8,0.13022434534082344,0.6682100296020508,0.7934179902076721,0.6642031073570251,0.01
9,0.12823322816447286,0.6693474054336548,0.8010533452033997,0.7530640363693237,0.01
10,0.12518245122265742,0.629921019077301,0.8140894174575806,0.7790330648422241,0.01
11,0.12192782339915423,0.6750019192695618,0.818117618560791,0.753597617149353,0.01
12,0.12021450555835252,0.676039457321167,0.7989324331283569,0.694892168045044,0.01
13,0.11877752013842638,0.6578032970428467,0.7750946283340454,0.6090611815452576,0.01
14,0.11669717200613451,0.6553298234939575,0.8237578868865967,0.7964197993278503,0.01
15,0.11505413532012225,0.662741482257843,0.8129976391792297,0.7298661470413208,0.01
16,0.11366751502342347,0.6517581343650818,0.8108049631118774,0.7609028816223145,0.01
17,0.11089384064358165,0.6394804120063782,0.8144327402114868,0.77232825756073,0.01
18,0.1108591435171069,0.6772964596748352,0.8201979994773865,0.7790793180465698,0.01
19,0.10829087527518355,0.6875104904174805,0.8051027655601501,0.7260155081748962,0.01
20,0.10809794293078179,0.6650617718696594,0.7962063550949097,0.6905795931816101,0.01
21,0.1084563861424701,0.6900804042816162,0.8192578554153442,0.740787148475647,0.01
22,0.10400381501099454,0.6851075291633606,0.8092479705810547,0.7256811857223511,0.01
23,0.1045671305743065,0.6756157875061035,0.8148128390312195,0.7621514201164246,0.01
24,0.10403476812452638,0.682487964630127,0.79167640209198,0.6976356506347656,0.01
25,0.10208694324340432,0.7018605470657349,0.8254601955413818,0.769932746887207,0.01
26,0.10118426899214353,0.6609488129615784,0.75899738073349,0.5613999962806702,0.01
27,0.10087234295426586,0.6861717700958252,0.8215798139572144,0.7310124039649963,0.01
28,0.0987065961389148,0.6590433120727539,0.8026256561279297,0.7390650510787964,0.01
29,0.1002052881768052,0.6983121633529663,0.824108898639679,0.7471039891242981,0.01
30,0.09781287523519964,0.6864769458770752,0.8007093071937561,0.6778236031532288,0.01
31,0.09755165428098099,0.6726119518280029,0.8212578892707825,0.7526161074638367,0.01
32,0.09774934521151914,0.6716135740280151,0.7929278612136841,0.7357013821601868,0.01
33,0.0955631379387888,0.6932064890861511,0.8245722055435181,0.7751297354698181,0.01
34,0.094942263442679,0.6540899872779846,0.7893771529197693,0.7196553945541382,0.01
35,0.095177896594824,0.681427538394928,0.8171675205230713,0.772311270236969,0.01
36,0.09262690043983418,0.6549612283706665,0.7988258600234985,0.778874397277832,0.01
37,0.09268658658626587,0.6835415959358215,0.8191272020339966,0.7695187926292419,0.01
38,0.0917566760424204,0.6655988693237305,0.7917782068252563,0.7241160869598389,0.01
39,0.09151696525689022,0.6996496915817261,0.8285238742828369,0.7679325342178345,0.01
40,0.09213293600296937,0.6754294037818909,0.7959690690040588,0.7244738936424255,0.01
41,0.09008488304335886,0.6915702223777771,0.8116742372512817,0.7020841240882874,0.01
42,0.09047997878727405,0.6853484511375427,0.8226598501205444,0.7760472297668457,0.01
43,0.089311406520634,0.6797543168067932,0.8143501281738281,0.7605937719345093,0.01
44,0.08848191513235394,0.6985102891921997,0.8159481287002563,0.7415231466293335,0.01
45,0.08753983879021729,0.7045598030090332,0.8193947076797485,0.7514797449111938,0.01
46,0.08706268683332419,0.6733665466308594,0.7966939210891724,0.8029360771179199,0.01
47,0.08703592479672044,0.6836936473846436,0.819238543510437,0.7384757995605469,0.01
48,0.08638031631329203,0.689972460269928,0.8058343529701233,0.7772001028060913,0.01
49,0.08645210640303826,0.7022832036018372,0.8285917043685913,0.7725067138671875,0.01
50,0.08624185751598905,0.6528943181037903,0.8106313943862915,0.7322723269462585,0.01
51,0.08433229072786086,0.6650920510292053,0.8009828329086304,0.7694354057312012,0.01
52,0.08469451087088278,0.6778932213783264,0.8322737812995911,0.8164317011833191,0.01
53,0.08430026329948868,0.696990430355072,0.8171868324279785,0.7998751997947693,0.01
54,0.08388749212580435,0.6534706354141235,0.8218481540679932,0.8048878312110901,0.01
55,0.08362325682000188,0.6907917857170105,0.8264627456665039,0.7624562382698059,0.01
56,0.08231610760197673,0.6477348208427429,0.785139799118042,0.7546931505203247,0.01
57,0.08278573221922014,0.6765909194946289,0.8183556199073792,0.7782754302024841,0.01
58,0.08188679871325714,0.6964461207389832,0.8260564208030701,0.7941044569015503,0.01
59,0.08085083933211921,0.7097828984260559,0.816109299659729,0.7157653570175171,0.01
60,0.08031266963864343,0.6749274134635925,0.8400383591651917,0.7877286672592163,0.01
61,0.07998142040193268,0.6916723251342773,0.8272454738616943,0.7884359955787659,0.01
62,0.07911847777378997,0.6647710204124451,0.8237150311470032,0.7761971354484558,0.01
63,0.0800399325747212,0.6951582431793213,0.8260983824729919,0.8046756386756897,0.01
64,0.07894864358322722,0.6678609848022461,0.8386895656585693,0.8066810965538025,0.01
65,0.0786327722938571,0.705399215221405,0.8182523250579834,0.7328388690948486,0.01
66,0.07720515556802539,0.6613917946815491,0.8070006370544434,0.747617244720459,0.01
67,0.07657756512701884,0.6387489438056946,0.7913199663162231,0.6928827166557312,0.01
68,0.07837175179989965,0.6901953220367432,0.8104803562164307,0.7504088282585144,0.01
69,0.07698440406739665,0.6559622287750244,0.7930058240890503,0.7787660360336304,0.01
70,0.07660550418046065,0.6658390760421753,0.8170011043548584,0.8068598508834839,0.01
71,0.07726440510635318,0.6610918641090393,0.8052172660827637,0.7801661491394043,0.01
72,0.07603825056700966,0.7120001316070557,0.8218777775764465,0.7418407797813416,0.01
73,0.07600802034489426,0.6940263509750366,0.8207137584686279,0.7770435810089111,0.01
74,0.07471860172037555,0.6625561714172363,0.8196598291397095,0.7847456932067871,0.01
75,0.07585277694316817,0.670872688293457,0.8152430057525635,0.7620134949684143,0.01
76,0.07378221091745839,0.651860773563385,0.812750518321991,0.7842788696289062,0.01
77,0.07464557329079075,0.6744219660758972,0.8215226531028748,0.7540921568870544,0.01
78,0.07417160927584754,0.682691752910614,0.818748950958252,0.8067775964736938,0.01
79,0.07360086854145001,0.6745721697807312,0.8071539998054504,0.7807651162147522,0.01
80,0.07311489098123822,0.7087118029594421,0.8290724754333496,0.7622289061546326,0.01
81,0.07257640094777601,0.6665750741958618,0.8092106580734253,0.7926068305969238,0.01
82,0.07142706857833878,0.6647449135780334,0.8039637207984924,0.7154658436775208,0.01
83,0.0731466421638856,0.6839883327484131,0.8173326253890991,0.7669686675071716,0.01
84,0.07138082895177257,0.6885125637054443,0.8290801048278809,0.8149065971374512,0.01
85,0.07217184476356178,0.6607722043991089,0.8238896727561951,0.8141666650772095,0.01
86,0.07104839119587986,0.7047275304794312,0.8223570585250854,0.7839530110359192,0.01
87,0.07148508111624184,0.7046158909797668,0.8236241340637207,0.7700765132904053,0.01
88,0.07060035188567237,0.6887627243995667,0.8151828050613403,0.7721517086029053,0.01
89,0.07093367857948901,0.6590036749839783,0.8246356844902039,0.7705058455467224,0.01
90,0.07175361938302366,0.6640639305114746,0.8278754353523254,0.8123654127120972,0.01
91,0.06859943866205047,0.6651979684829712,0.8151757717132568,0.7667033076286316,0.01
92,0.07071771702243829,0.6861878633499146,0.8244776725769043,0.7860625386238098,0.01
93,0.0695625251809103,0.6858875155448914,0.8148512840270996,0.7322406768798828,0.01
94,0.06968347318922294,0.6722908020019531,0.8337533473968506,0.7938278317451477,0.01
95,0.0691811797327139,0.6759140491485596,0.8039976358413696,0.7839005589485168,0.01
96,0.06890648393272328,0.6946817636489868,0.821750283241272,0.774614155292511,0.01
97,0.0691993965086686,0.7050179839134216,0.8311247825622559,0.760219931602478,0.01
98,0.0697253648867956,0.6788069009780884,0.8031110763549805,0.7941341400146484,0.01
99,0.06803782630554388,0.6376559734344482,0.7767488956451416,0.7769126296043396,0.01
100,0.066948682043544,0.6908843517303467,0.823017418384552,0.8171453475952148,0.01
