index,TP,TN,FP,FN,total_voxels
0,26,401349,25,8,401408
1,34,401278,85,11,401408
2,60,401164,179,5,401408
3,0,401329,16,63,401408
4,79,401295,15,19,401408
5,96,401277,9,26,401408
6,1309,399867,179,53,401408
7,1534,398559,1202,113,401408
8,224,392095,7530,1559,401408
9,0,401355,0,53,401408
10,0,401333,0,75,401408
11,3,401333,0,72,401408
12,778,400458,129,43,401408
13,831,400286,271,20,401408
14,1747,395831,3728,102,401408
15,48,401325,13,22,401408
16,21,401259,0,128,401408
17,0,401207,52,149,401408
18,2848,397815,559,186,401408
19,3760,396251,1268,129,401408
20,4754,389148,6697,809,401408
21,53,401324,6,25,401408
22,73,401213,0,122,401408
23,57,401198,4,149,401408
24,166,401176,43,23,401408
25,235,401054,99,20,401408
26,0,400702,323,383,401408
27,310,400946,124,28,401408
28,300,400873,152,83,401408
29,191,400794,256,167,401408
30,0,401061,0,347,401408
31,427,400697,52,232,401408
32,228,399569,1190,421,401408
33,40,401329,32,7,401408
34,47,401338,18,5,401408
35,0,401289,0,119,401408
36,456,400817,91,44,401408
37,472,400805,78,53,401408
38,642,396029,4326,411,401408
39,388,400872,88,60,401408
40,592,399334,1237,245,401408
41,1104,396575,3480,249,401408
42,454,400439,471,44,401408
43,482,400512,349,65,401408
44,498,400638,78,194,401408
45,76,401261,53,18,401408
46,89,401122,174,23,401408
47,79,401074,219,36,401408
48,193,401089,101,25,401408
49,225,400884,288,11,401408
50,0,400940,0,468,401408
51,169,401008,212,19,401408
52,216,401095,80,17,401408
53,232,401052,110,14,401408
54,501,400763,60,84,401408
55,673,399039,1693,3,401408
56,0,400869,110,429,401408
57,273,401025,67,43,401408
58,301,400996,54,57,401408
59,338,400492,511,67,401408
60,183,401139,61,25,401408
61,215,401089,83,21,401408
62,301,399916,1143,48,401408
63,42,401340,12,14,401408
64,58,401270,77,3,401408
65,120,401149,133,6,401408
66,4318,396320,449,321,401408
67,4705,396127,503,73,401408
68,2229,396075,169,2935,401408
69,897,400304,109,98,401408
70,934,400071,321,82,401408
71,928,397408,2926,146,401408
72,956,400205,150,97,401408
73,1058,400053,170,127,401408
74,1334,396781,3214,79,401408
75,181,401141,69,17,401408
76,219,401096,77,16,401408
77,315,400122,922,49,401408
78,1507,399531,317,53,401408
79,1588,399314,464,42,401408
80,1852,398668,624,264,401408
81,698,400525,58,127,401408
82,679,400528,52,149,401408
83,644,400345,52,367,401408
84,2876,396595,1694,243,401408
85,2988,395380,2754,286,401408
86,2418,390819,6900,1271,401408
87,652,400558,147,51,401408
88,678,400493,199,38,401408
89,839,400260,142,167,401408
90,549,400504,66,289,401408
91,642,400413,89,264,401408
92,799,399763,376,470,401408
93,29,401346,32,1,401408
94,30,401319,52,7,401408
95,15,401304,55,34,401408
96,284,400990,74,60,401408
97,294,400987,71,56,401408
98,338,400947,60,63,401408
99,379,400888,113,28,401408
100,395,400873,111,29,401408
101,359,398492,2462,95,401408
102,648,400496,202,62,401408
103,761,400255,353,39,401408
104,961,398465,1839,143,401408
105,835,400344,170,59,401408
106,848,400324,176,60,401408
107,1013,400096,234,65,401408
108,836,400354,208,10,401408
109,825,400389,177,17,401408
110,732,400515,103,58,401408
111,342,400833,175,58,401408
112,526,400595,156,131,401408
113,491,400123,277,517,401408
114,1016,399919,353,120,401408
115,1121,399747,482,58,401408
116,1012,399790,354,252,401408
117,523,400657,182,46,401408
118,609,400515,247,37,401408
119,1075,399730,425,178,401408
120,147,401155,43,63,401408
121,219,400828,296,65,401408
122,88,400706,460,154,401408
123,567,400708,108,25,401408
124,685,400443,147,133,401408
125,1032,398234,1994,148,401408
126,123,400855,6,424,401408
127,167,400849,4,388,401408
128,0,400766,1,641,401408
129,505,400707,74,122,401408
130,571,400555,202,80,401408
131,601,400001,711,95,401408
132,560,400666,123,59,401408
133,570,400661,127,50,401408
134,612,398957,1764,75,401408
135,581,400430,328,69,401408
136,599,400211,530,68,401408
137,874,398515,1811,208,401408
138,141,401131,91,45,401408
139,138,400976,242,52,401408
140,0,401112,59,237,401408
